adj_year,year,District,Locus,min_year,max_year,predict,conf.low,conf.high,predict_freq,conf.low_freq,conf.high_freq
0,2017,Agago,K13,2017,2022,-2.393203634159887,-3.951802265819202,-0.8288694343561542,8.369242370492906,1.8857587521379553,30.388417539052536
1,2018,Agago,K13,2017,2022,-2.0762336211291017,-3.5426273276917106,-0.5465988317163072,11.14283382470752,2.812338753528256,36.66538654298912
2,2019,Agago,K13,2017,2022,-1.7591592555567004,-3.2960152280102366,-0.23904804049896777,14.689566837590855,3.5708143653850746,44.05209595057325
3,2020,Agago,K13,2017,2022,-1.4388750106971346,-2.984263841635777,0.11950028439022352,19.171962005421587,4.814186460674073,52.98395696676458
4,2021,Agago,K13,2017,2022,-1.131760559198998,-2.6624068940106733,0.41209404695633567,24.383634230293957,6.522842258747274,60.158988557613334
5,2022,Agago,K13,2017,2022,-0.8120176295076078,-2.3556496750375233,0.7355835187599501,30.746071781049054,8.6617752588062409,67.60293394367734
6,2023,Agago,K13,2017,2022,-0.4739079710752834,-2.0300064465985264,1.0815974664748333,38.36916973357503,11.60882605704316,74.67961699823795
7,2024,Agago,K13,2017,2022,-0.17361490491328332,-1.7414884373924828,1.3987738242278478,45.67049695664732,14.912397399139083,80.19892408833414
8,2025,Agago,K13,2017,2022,0.1501664646997749,-1.4694893618027556,1.7891668283419928,53.74712280448197,18.702024086581517,85.68250968619408
9,2026,Agago,K13,2017,2022,0.48132422621657023,-1.1989072706498098,2.1195578302503595,61.806052271163054,23.166966401390873,89.2789614002639
10,2027,Agago,K13,2017,2022,0.7683051258208609,-0.9494626853435756,2.5320200855439468,68.3154144427966,27.899289313216112,92.63562830282117
11,2028,Agago,K13,2017,2022,1.097804027588879,-0.6591747188224574,2.8690411230248167,74.98484204269289,34.09250238764741,94.62946376625541
12,2029,Agago,K13,2017,2022,1.4175055429288328,-0.3905166965035589,3.1715484969195304,80.49470663658964,40.359292272942156,95.97494463097178
13,2030,Agago,K13,2017,2022,1.7129881175989436,-0.25173676853470406,3.6525985865627053,84.72234552614125,43.7396067448143,97.47313792836468
14,2031,Agago,K13,2017,2022,2.034822564244163,0.03797404065152894,3.9679673109943225,88.44050168105592,50.949236950193274,98.14391831512836
15,2032,Agago,K13,2017,2022,2.356056343926943,0.23524333823363724,4.384724263506406,91.34144156606797,55.8541113915795,98.76871706520899
16,2033,Agago,K13,2017,2022,2.7002267951956775,0.4202849325361243,4.7814181771585735,93.70400252823467,60.3551429707263,99.16856083020296
0,2017,Arua,K13,2017,2022,-4.253082760047352,-6.029360296955394,-2.59634684690173,1.402094595239114,0.24012533759622806,6.937390144953695
2,2019,Arua,K13,2017,2022,-3.442766024839037,-5.052579647881088,-1.8802790679718895,3.098532578397602,0.6352212373990496,13.235682250829186
4,2021,Arua,K13,2017,2022,-2.6435993739832964,-4.187398251249478,-1.1049037038315035,6.638460621437327,1.4958585769344428,24.8822216023764
5,2022,Arua,K13,2017,2022,-2.2068482782447707,-3.837357046102769,-0.6986253197894968,9.913719492850246,2.109585716449261,33.21170825669123
6,2023,Arua,K13,2017,2022,-1.8261262627219566,-3.4191550464841973,-0.28322388091724227,13.870039252403604,3.17021557654543,42.966357655703916
7,2024,Arua,K13,2017,2022,-1.4220502701586086,-2.9753133218946166,0.227771244689483,19.434036711619328,4.855367801606286,55.66979001664362
8,2025,Arua,K13,2017,2022,-1.00938690454182,-2.6845967986945802,0.7699979782415848,26.70998516694241,6.388840539377736,68.3520456389208
9,2026,Arua,K13,2017,2022,-0.60269271775021,-2.3562773368315715,1.2448380066450806,35.37278842884995,8.656810793410296,77.64050165029495
10,2027,Arua,K13,2017,2022,-0.19492578031089036,-2.054664803387888,1.7043467704241249,45.14222711295617,11.358187678950955,84.61015958195608
11,2028,Arua,K13,2017,2022,0.18765085061523634,-1.780076868201178,2.2054444902968333,54.67755348484268,14.429364268457169,90.07373635888665
12,2029,Arua,K13,2017,2022,0.6346040076087024,-1.3484501805065932,2.7570213111688617,65.35326726980234,20.612386382419214,94.03086644538725
13,2030,Arua,K13,2017,2022,1.0248879786196923,-1.1095046263514563,3.260542350434249,73.59236242625869,24.796325305535756,96.30500948792987
14,2031,Arua,K13,2017,2022,1.4305350998704818,-0.8633496361607937,3.7891895879470496,80.69846768325537,29.663998607023625,97.78861596186196
15,2032,Arua,K13,2017,2022,1.84051675135832,-0.6411647440655343,4.390721253790641,86.30098112343869,34.49832948852277,98.77598884991856
16,2033,Arua,K13,2017,2022,2.23107938982565,-0.4308224238874961,4.839872283394746,90.30059398136272,39.39299614475045,99.21539828275881
0,2018,Hoima,K13,2018,2022,-3.098385117004055,-4.760335640705693,-1.468973811580548,4.317391645156001,0.8490036976708313,18.709863966230206
1,2019,Hoima,K13,2018,2022,-2.671447189295845,-4.257156059734031,-1.0756081553864179,6.46793643492949,1.3964746521728981,25.43380318540992
2,2020,Hoima,K13,2018,2022,-2.193274545701455,-3.7197649998233886,-0.6887714743980042,10.035606497132317,2.3666007444741153,33.430642058511985
4,2022,Hoima,K13,2018,2022,-1.3582497935510252,-2.8191829607578964,0.20902079376900676,20.452490393827297,5.629632472392939,55.206577485693906
5,2023,Hoima,K13,2018,2022,-0.9071934982346442,-2.4761114556555435,0.7415131065939654,28.757447745019064,7.7549916204611264,67.73266423379431
6,2024,Hoima,K13,2018,2022,-0.45729996688023256,-2.0671088662200905,1.1706113268191936,38.76265418875175,11.233500747598198,76.32554981466043
7,2025,Hoima,K13,2018,2022,0.0025869426834962636,-1.702413352510418,1.7101427240230485,50.06467353101967,15.415033015240631,84.68547952797203
8,2026,Hoima,K13,2018,2022,0.42486696984623185,-1.3440485030233398,2.2685320465698644,60.46472844387299,20.684507206821642,90.62371280719663
9,2027,Hoima,K13,2018,2022,0.8756272233123995,-1.0019237949452782,2.871723119995614,70.5915255526718,26.856334850016374,94.64307766544836
10,2028,Hoima,K13,2018,2022,1.3297827195719125,-0.6980491822938648,3.446202150991547,79.08046917852441,33.224489105191346,96.9117678609946
11,2029,Hoima,K13,2018,2022,1.7499868320095398,-0.2524553693381049,3.9521952748838736,85.19511410921791,43.72192415877113,98.11496825492327
12,2030,Hoima,K13,2018,2022,2.183774978832606,0.022106469054963874,4.6841152567367565,89.87830072544195,50.55263922051056,99.08437056364865
13,2031,Hoima,K13,2018,2022,2.6136974646075983,0.43279895464349233,5.192780445173116,93.17379394574517,60.65418345184062,99.44741688044017
14,2032,Hoima,K13,2018,2022,3.1050096844513333,0.7310809412364193,5.782825742696274,95.70989172941535,67.5042432860649,99.6929457457412
15,2033,Hoima,K13,2018,2022,3.5319143167901927,1.0872860557858377,6.516617589142359,97.15823145690983,74.78703237992407,99.85235211172154
0,2017,Jinja,K13,2017,2022,-7.246348189993949,-9.338048110161981,-5.238317819907883,0.07122648690449823,0.008800331116264838,0.5281141791659264
1,2018,Jinja,K13,2017,2022,-6.8075377025138195,-8.689110273737066,-4.895374842635132,0.11041908182998149,0.016838144111987495,0.7425553122754547
3,2020,Jinja,K13,2017,2022,-5.953041536849522,-7.745088076065875,-4.128695326159851,0.25911950643819837,0.043267623019446,1.5848650730680258
5,2022,Jinja,K13,2017,2022,-5.09632191714966,-7.030308902317781,-3.1710443386205642,0.6081995175353205,0.08838765364734419,4.027003406541286
6,2023,Jinja,K13,2017,2022,-4.670602501043843,-6.799227528703539,-2.558908577892114,0.9279704914875406,0.11133948098056563,7.183027412840119
7,2024,Jinja,K13,2017,2022,-4.274424286698694,-6.5324095600908825,-2.0598957466686163,1.372895252832188,0.14533791342335098,11.305628360734103
8,2025,Jinja,K13,2017,2022,-3.7941533290189935,-6.286108062624113,-1.3561983506136277,2.200675462023522,0.18585320488829982,20.485886466807536
9,2026,Jinja,K13,2017,2022,-3.378183085044437,-6.102843091368365,-0.849118420031081,3.298429857664659,0.22315093269585506,29.96178217360094
10,2027,Jinja,K13,2017,2022,-2.953203256687726,-5.8817522326825165,-0.04051020357589186,4.9585334880111445,0.2782130603711067,48.98738338860015
11,2028,Jinja,K13,2017,2022,-2.537604167334292,-5.684756318373634,0.6686196562354797,7.326367492040754,0.338585804109179,66.11940082716292
12,2029,Jinja,K13,2017,2022,-2.1033451531928375,-5.550460290006781,1.357026848049325,10.877211491731295,0.38706283197502556,79.52760576967208
13,2030,Jinja,K13,2017,2022,-1.7036912109725701,-5.400110396663031,1.9804217243168496,15.39837863619261,0.4495779046248764,87.87261109850108
14,2031,Jinja,K13,2017,2022,-1.2510553511945959,-5.2950298103212745,2.8432697821032744,22.251750594579896,0.49914255202549357,94.49697447863807
15,2032,Jinja,K13,2017,2022,-0.8360713109492495,-5.062936975763192,3.4357844417940457,30.236285590879763,0.6287171479274384,96.88043627385505
16,2033,Jinja,K13,2017,2022,-0.3918848914639501,-5.01815233874753,4.099048269148162,40.32636339231027,0.6573247442476184,98.3682230951627
0,2018,Kaabong,K13,2018,2022,-2.310287577072974,-3.854283320002834,-0.693696948084798,9.027452464284824,2.074913452883163,33.32111739685404
1,2019,Kaabong,K13,2018,2022,-2.03068096413283,-3.5743681862835874,-0.48511980030196405,11.601906504923578,2.7268704701816726,38.10438899625833
2,2020,Kaabong,K13,2018,2022,-1.7420534274494566,-3.221781210502388,-0.15912857031719246,14.905229886578999,3.83542347320853,46.03015920211094
3,2021,Kaabong,K13,2018,2022,-1.4410787480669818,-3.0191042729680535,0.07070527754530931,19.137835382705365,4.657022993874553,51.76689590578204
4,2022,Kaabong,K13,2018,2022,-1.1468414690844098,-2.660304105087219,0.4009826375692469,24.106647441424975,6.535675463496931,59.89237264362944
5,2023,Kaabong,K13,2018,2022,-0.8799371634731107,-2.410225524976681,0.664748401068187,29.31908003478481,8.239626522780796,66.03262428486242
6,2024,Kaabong,K13,2018,2022,-0.5831551500831169,-2.2061326221200073,1.0678989433418864,35.82069172649585,9.920112780791706,74.41971476493158
7,2025,Kaabong,K13,2018,2022,-0.3096461262876319,-1.9669783153508844,1.3571740164078623,42.32011177762867,12.271381601353891,79.53000174376119
8,2026,Kaabong,K13,2018,2022,-0.012475504520583425,-1.7921510357220278,1.7004511134878526,49.68811643205835,14.280920264433359,84.55936437470774
9,2027,Kaabong,K13,2018,2022,0.2709502742306529,-1.666381126802697,2.089331486857788,56.732618101322224,15.890726520761822,88.98619232890387
10,2028,Kaabong,K13,2018,2022,0.5628538553937067,-1.4272586668813,2.47658551772457,63.71126098628617,19.35261750726155,92.2483989473968
11,2029,Kaabong,K13,2018,2022,0.842971319752679,-1.345466297676961,2.7473879047295764,69.90906410095454,20.66125650871084,93.97656588674116
12,2030,Kaabong,K13,2018,2022,1.1659919919078403,-1.0523450021352985,3.2388134490713925,76.24197855034664,25.87750503551015,96.22690526255826
13,2031,Kaabong,K13,2018,2022,1.4370977048873743,-0.9652102701486961,3.6009050320958855,80.80048120236081,27.583622566065774,97.34264273000555
14,2032,Kaabong,K13,2018,2022,1.7137097030810549,-0.9089667379258058,3.9089885094435557,84.73168309081451,28.721132115320177,98.03337384921618
15,2033,Kaabong,K13,2018,2022,1.991481959224325,-0.6682480010595013,4.309066350139058,87.98998334184778,33.888925360415755,98.67323010927282
0,2018,Kanungu,K13,2018,2022,-3.259780200231193,-4.986027376196387,-1.6162408250438176,3.697703551153212,0.678638490801842,16.572395904795343
2,2020,Kanungu,K13,2018,2022,-2.349923210660143,-3.9173779460516913,-0.773268111643593,8.707187625934992,1.9505167477760794,31.57725724707261
3,2021,Kanungu,K13,2018,2022,-1.9121241020594288,-3.444080097996191,-0.34579508850269974,12.87424083453862,3.09458947359406,41.440247118597036
4,2022,Kanungu,K13,2018,2022,-1.4384454298234313,-2.966191694382332,0.10338059646597239,19.178619810021406,4.897680217230536,52.582215525226104
5,2023,Kanungu,K13,2018,2022,-0.9871469429349407,-2.5486847549764735,0.6228344429892835,27.14759780244999,7.25148943975224,65.08629235822512
6,2024,Kanungu,K13,2018,2022,-0.5427196885615442,-2.1624601752924084,1.160755869398247,36.75551405021304,10.317259400023532,76.14700331207942
7,2025,Kanungu,K13,2018,2022,-0.05862107804446005,-1.7994233243048656,1.7063951793650332,48.534892586546206,14.192127775193676,84.63681376368554
8,2026,Kanungu,K13,2018,2022,0.3981233882173253,-1.4381090178376592,2.278778996707474,59.82367005814283,19.183834879538736,90.71042087512066
9,2027,Kanungu,K13,2018,2022,0.8454192916462935,-1.0509387355139141,2.9165638323791776,69.9605352405942,25.904487858061003,94.86591985796507
10,2028,Kanungu,K13,2018,2022,1.3099250658269213,-0.7396167843048527,3.5865765847462403,78.75006164086454,32.30879481661051,97.30532623971669
11,2029,Kanungu,K13,2018,2022,1.7592679528820665,-0.32108964649381444,4.188318034400072,85.3117952759979,42.0410215628379,98.5054961031151
12,2030,Kanungu,K13,2018,2022,2.206393566689913,-0.013269137468620875,4.910977802683103,90.08221878291238,49.66827643048452,99.26885677519981
13,2031,Kanungu,K13,2018,2022,2.678060762883962,0.33916346377763645,5.576159901639999,93.57195800043793,58.398730398495644,99.6227207475706
14,2032,Kanungu,K13,2018,2022,3.146114898503289,0.6595916843181958,6.211982088494616,95.87553647518878,65.91686600336612,99.79987540943834
15,2033,Kanungu,K13,2018,2022,3.5887755972111544,0.9970856520520904,6.909798476440971,97.31108619063501,73.04851973452483,99.90030360405966
0,2019,Kasese,K13,2019,2022,-3.117038489504448,-4.761781560534182,-1.4676062773507677,4.2409879726467405,0.8477873933052388,18.730672069470995
1,2020,Kasese,K13,2019,2022,-2.671532754442585,-4.232102700518726,-1.0714404538689837,6.467418819776012,1.4313958598725807,25.51292462058049
2,2021,Kasese,K13,2019,2022,-2.1948786793544612,-3.7272220127260582,-0.6814957269112202,10.021132902397442,2.3494316890355473,33.59275536464659
3,2022,Kasese,K13,2019,2022,-1.7740138761511681,-3.263854233749027,-0.20595092390814007,14.504387410987404,3.683223361060321,44.869349142834594
4,2023,Kasese,K13,2019,2022,-1.313455782843054,-2.9255101971829878,0.25339348545298973,21.19091411754888,5.090681426882192,56.30115763168936
5,2024,Kasese,K13,2019,2022,-0.8815977339165177,-2.4784564768690664,0.7666762563597352,29.28467986262353,7.738232903673292,68.28014630675419
6,2025,Kasese,K13,2019,2022,-0.42753382561426523,-2.16579352860104,1.3228355026305907,39.47153847446766,10.286457317713259,78.96530734433819
7,2026,Kasese,K13,2019,2022,0.021141677605608086,-1.7542490292087916,1.8057160649309327,50.52852225413077,14.751207233276261,85.88433244662274
8,2027,Kasese,K13,2019,2022,0.4375584594152325,-1.4047325484507933,2.53616278647016,60.76771069749579,19.70662013216388,92.66384007122326
9,2028,Kasese,K13,2019,2022,0.9038489830941585,-0.9671394247361643,3.167416190732149,71.17398271611602,27.545104256050262,95.9589509852369
10,2029,Kasese,K13,2019,2022,1.327925145538237,-0.7511649208315169,3.7478899175069147,79.0497222421292,32.0567523406696,97.69752122709986
11,2030,Kasese,K13,2019,2022,1.8019503192996298,-0.3640158734897616,4.39905101824025,85.83861803890348,40.99877850033638,98.7860189680645
12,2031,Kasese,K13,2019,2022,2.235752433998637,0.006701555621276761,5.122858397601379,90.34144639510147,50.16753826350861,99.40763334883833
13,2032,Kasese,K13,2019,2022,2.6855552785923718,0.2324750298784894,5.870692573981716,93.61688941480932,55.78584137891351,99.71870162369953
14,2033,Kasese,K13,2019,2022,3.1219111266329196,0.5431349443206211,6.497562397181704,95.77875636887713,63.25413838601887,99.8495159506953
0,2018,Katakwi,K13,2018,2022,-2.5805534272850545,-4.143271698975801,-1.0400794906157234,7.040050363446042,1.5622893383712195,26.113465643903385
1,2019,Katakwi,K13,2018,2022,-2.15607907231645,-3.726866815009784,-0.6345165984608953,10.37645216277928,2.350246733439293,34.64871194214839
2,2020,Katakwi,K13,2018,2022,-1.7271933557386254,-3.2713613946106483,-0.15084574715907198,15.09469324821429,3.656683647541168,46.23599094206992
3,2021,Katakwi,K13,2018,2022,-1.3082689449374305,-2.8711949219429815,0.20311732650079845,21.277665644061702,5.359600907080713,55.06054668123433
4,2022,Katakwi,K13,2018,2022,-0.8672913143319602,-2.431198982067684,0.6671389566586667,29.581823555455884,8.082434793294729,66.08622280185146
5,2023,Katakwi,K13,2018,2022,-0.4648156236693131,-2.0669903195180397,1.1608011415266553,38.58440476709001,11.234682900482618,76.14782559550507
6,2024,Katakwi,K13,2018,2022,-0.025134937664709863,-1.6740771139175057,1.5907853194898927,49.37165963832611,15.78813504428001,83.07265633295002
7,2025,Katakwi,K13,2018,2022,0.3838827016039413,-1.2479038608029647,2.040365191316899,59.48092209759814,22.306320145504333,88.4970448836884
8,2026,Katakwi,K13,2018,2022,0.8281580883045501,-0.8640189190369115,2.573481413226551,69.59653264843774,29.650036275086094,92.9135265086929
9,2027,Katakwi,K13,2018,2022,1.2429715843193485,-0.45360425172064944,3.0669092183992195,77.60808379432622,38.850416542577754,95.55069575787061
10,2028,Katakwi,K13,2018,2022,1.6628661537698661,-0.11269867764165982,3.552652818614484,84.06223750035376,47.18551132839438,97.21493413119774
11,2029,Katakwi,K13,2018,2022,2.0702402724827884,0.20650033398239137,4.129631720193883,88.79768645247063,55.14424110120316,98.41659480286026
12,2030,Katakwi,K13,2018,2022,2.5390973210453565,0.5456232063523697,4.5917231622150245,92.68376398316461,63.31195465504624,98.99663167603693
13,2031,Katakwi,K13,2018,2022,2.9515694930388,0.8905719108139151,5.169476837440985,95.0337614663739,70.90081807803928,99.43446216597505
14,2032,Katakwi,K13,2018,2022,3.370580474611889,1.2660809991373974,5.835900684394989,96.67723431361945,78.00711415281197,99.7087714813549
15,2033,Katakwi,K13,2018,2022,3.801759369290222,1.5744848085573082,6.311585583888817,97.81563522736568,82.84220136277824,99.81881359311545
0,2020,Koboko,K13,2020,2022,-2.8658685199552503,-4.433987416520957,-1.3123679151023713,5.386682598735291,1.1727900343808348,21.209087600521855
1,2021,Koboko,K13,2020,2022,-2.489830169686393,-4.089665017652924,-0.9392999229444555,7.657420529104369,1.646906987520778,28.10417765748697
2,2022,Koboko,K13,2020,2022,-2.1485630991894404,-3.688855992903084,-0.5309357879426414,10.446557242623589,2.4390802176624473,37.02986568105463
3,2023,Koboko,K13,2020,2022,-1.7874219252931463,-3.3843623310148936,-0.1694176194350826,14.338909390940566,3.2787771044896106,45.77466110532382
4,2024,Koboko,K13,2020,2022,-1.4271675633828929,-3.127033762416306,0.2791909891619445,19.354039433832035,4.200581035285494,56.9347873004913
5,2025,Koboko,K13,2020,2022,-1.0660660558951545,-2.7782488065911597,0.6666577574614807,25.615193116058876,5.851094971642431,66.07543716987765
6,2026,Koboko,K13,2020,2022,-0.6919394331824232,-2.515721246150268,1.1626022503169215,33.36017756419013,7.476338492148304,76.18052356828927
7,2027,Koboko,K13,2020,2022,-0.35500570549280047,-2.275456734205527,1.535625677442699,41.21690791573114,9.317612445782665,82.28279274359997
8,2028,Koboko,K13,2020,2022,-0.01524866402596681,-2.1170163877938095,2.10684632924699,49.61879078594182,10.745388645839558,89.15668270723802
9,2029,Koboko,K13,2020,2022,0.36065488632603887,-1.863635652350589,2.5658977033819417,58.91989543219288,13.427984959539716,92.86343035069277
10,2030,Koboko,K13,2020,2022,0.7079674287811281,-1.6865625210708044,3.015951261063044,66.99518804163155,15.622843713766574,95.32895714594027
11,2031,Koboko,K13,2020,2022,1.0563350480216622,-1.6408382322302406,3.6502742634910708,74.19895454989783,16.235103645035608,97.46740677197849
12,2032,Koboko,K13,2020,2022,1.406687797000612,-1.3592384565476392,4.121562151743676,80.32429965940078,20.436410092612114,98.40397046930481
13,2033,Koboko,K13,2020,2022,1.7644997503346695,-1.2031061171947006,4.615148314040634,85.37723269148249,23.09231164537156,99.01963482774781
0,2016,Kole,K13,2016,2022,-4.103327553517267,-5.794649642212156,-2.4314668159216133,1.6249222101647143,0.3034560073950695,8.080445231493464
1,2017,Kole,K13,2016,2022,-3.7196266528652733,-5.3687130471441336,-2.1659024674755427,2.3669204290195207,0.4638508783833392,10.285452035658347
2,2018,Kole,K13,2016,2022,-3.3295663494488297,-4.910129771438731,-1.7315205984269997,3.457070069861102,0.7317589810102529,15.039318186455963
3,2019,Kole,K13,2016,2022,-2.9623326890463306,-4.50596807601629,-1.3979562684599776,4.915686038038022,1.0922281050221239,19.81406210699501
4,2020,Kole,K13,2016,2022,-2.5703224775690416,-4.067931416586919,-1.0440106273539418,7.1073010641915,1.682483191233265,26.03768822918517
5,2021,Kole,K13,2016,2022,-2.2063744514571906,-3.6754977914015727,-0.7176487917944535,9.917951996893493,2.4710700128254812,32.791094497736566
6,2022,Kole,K13,2016,2022,-1.8178468449595482,-3.3271342191218425,-0.23036243177695298,13.969243512382475,3.4651966379597474,44.26627271172468
7,2023,Kole,K13,2016,2022,-1.4365229168546667,-3.02323225404728,0.17051494544036602,19.208437237535612,4.638728430776439,54.25257486828399
8,2024,Kole,K13,2016,2022,-1.0652887277817473,-2.679851439771544,0.5080657629494771,25.630006986964148,6.41727975600096,62.43529348056107
9,2025,Kole,K13,2016,2022,-0.6632266019892692,-2.3297770185860047,0.9826382218809152,34.00151730646148,8.868668326207422,72.76313834635073
10,2026,Kole,K13,2016,2022,-0.27977592021980763,-1.9560144312891106,1.3815527521251152,43.050871306014386,12.389902520781588,79.92402632719053
11,2027,Kole,K13,2016,2022,0.09026732339751081,-1.655807195225064,1.7833966263074794,52.25515200899134,16.032563432773724,85.61157739268197
12,2028,Kole,K13,2016,2022,0.47574807441908323,-1.3866306413141123,2.332151383729764,61.67433430492792,19.994620059693364,91.15050288296052
13,2029,Kole,K13,2016,2022,0.8700776882625919,-1.0459158001621471,2.691718655747632,70.47618630524197,26.00101501944633,93.65362085972899
14,2030,Kole,K13,2016,2022,1.2446682694017481,-0.7897055116793094,3.2199381544854035,77.63755486897644,31.223190526748823,96.1577729619308
15,2031,Kole,K13,2016,2022,1.638810637868534,-0.4249413118135743,3.6605528231283055,83.7373035740066,39.53349443306065,97.49265550278628
16,2032,Kole,K13,2016,2022,1.9953995919342802,-0.18702723183809614,4.168081941015129,88.03132178573216,45.337900990182064,98.47541088598412
17,2033,Kole,K13,2016,2022,2.37439998722338,0.1279817670582544,4.609244018988065,91.48542280486222,53.19518411792269,99.01388658940877
0,2016,Lamwo,K13,2016,2022,-2.4206253954331527,-3.9329410718928726,-0.9158545403842228,8.161336816453753,1.920974227029702,28.58033127056067
1,2017,Lamwo,K13,2016,2022,-2.097907383521532,-3.6128763348592408,-0.558418831376903,10.930037887452137,2.6265654819667565,36.391339050295095
2,2018,Lamwo,K13,2016,2022,-1.7439161085163704,-3.2487748549338584,-0.15339708209153882,14.881619879591264,3.737093616883801,46.1725751602492
3,2019,Lamwo,K13,2016,2022,-1.406455118255302,-2.967248721382494,0.11956772441966745,19.679377940700856,4.892759135492132,52.98563695925958
4,2020,Lamwo,K13,2016,2022,-1.0806305129569898,-2.597673892850052,0.47601585351521764,25.3386716484103,6.928827476427546,61.680663628081525
5,2021,Lamwo,K13,2016,2022,-0.7449711139732836,-2.3061217904745344,0.8085948844276662,32.19180558548847,9.061722444672787,69.18100018934109
6,2022,Lamwo,K13,2016,2022,-0.410857712181045,-1.920368319963381,1.101042719921798,39.87064757036058,12.782049948942685,75.04554289137154
7,2023,Lamwo,K13,2016,2022,-0.06665579869782635,-1.6377021661858464,1.5071871282438727,48.33422174066446,16.27779717637061,81.86439652145098
8,2024,Lamwo,K13,2016,2022,0.25072520435541673,-1.32172034013582,1.8299066663359607,56.23549903385845,21.053221610160204,86.17506077570735
9,2025,Lamwo,K13,2016,2022,0.6119608480450693,-0.993764111983386,2.2324902578681436,64.83879681671586,27.016923649373382,90.31294421593081
10,2026,Lamwo,K13,2016,2022,0.9422744891505119,-0.6647015155531054,2.5587812330257518,71.95588645867663,33.96842734402783,92.81612352390773
11,2027,Lamwo,K13,2016,2022,1.2854722614223073,-0.3997530819718737,2.926850238657703,78.33798365262801,40.13716660424669,94.91578913014307
12,2028,Lamwo,K13,2016,2022,1.6223743209897905,-0.12776141764185753,3.331693775543264,83.51223174517898,46.810302160175524,96.55002330912784
13,2029,Lamwo,K13,2016,2022,1.950465395906558,0.08462019329613632,3.733362889421981,87.54973796316662,52.1142433827093,97.66461576608059
14,2030,Lamwo,K13,2016,2022,2.303926359134011,0.43711090851021145,4.107497359341764,90.9201696726468,60.757040317434985,98.3817298736701
15,2031,Lamwo,K13,2016,2022,2.6223873729050693,0.7554430407404379,4.44208182779302,93.22885687648902,68.03635520186265,98.83655469305285
16,2032,Lamwo,K13,2016,2022,2.9527804253951095,1.0115924012233026,4.79671263098881,95.03947347108058,73.33316690632383,99.18107714156908
17,2033,Lamwo,K13,2016,2022,3.307960400935411,1.2848022495087295,5.22237158602315,96.4700891952929,78.32661166853781,99.46344243324673
0,2017,Mubende,K13,2017,2022,-3.3801341165303516,-4.950262128621526,-1.6892839879369494,3.2922124493914633,0.7031756654894978,15.58700258850439
1,2018,Mubende,K13,2017,2022,-3.018297684052915,-4.606880068214283,-1.4576244097744033,4.660605675203649,0.9884242230085706,18.88309344713184
3,2020,Mubende,K13,2017,2022,-2.3736977607478202,-3.8975082701864667,-0.8796589539852855,8.520048850134472,1.9888819594764628,29.324845700445152
4,2021,Mubende,K13,2017,2022,-2.0423111084049608,-3.579707665824292,-0.5059067158766586,11.48316095196287,2.7127431282603975,37.61535760023649
5,2022,Mubende,K13,2017,2022,-1.7411017075714565,-3.315537772061579,-0.2004672264493976,14.917305125590937,3.5041981840140273,45.005035909280856
6,2023,Mubende,K13,2017,2022,-1.4114642836243314,-3.016080405531987,0.14973537810344484,19.600320312325238,4.670467825942277,53.736405995191646
7,2024,Mubende,K13,2017,2022,-1.0865666319141112,-2.686915714941047,0.46417538764196,25.22653551726367,6.37498588937466,61.400422552616405
8,2025,Mubende,K13,2017,2022,-0.7562111807512819,-2.4356260523636197,0.9617050876834685,31.946942449811644,8.049606277426253,72.34630621742383
9,2026,Mubende,K13,2017,2022,-0.4180792022572674,-2.1515629264268514,1.2950405125898559,39.69764714023712,10.418526384493465,78.49991262395841
10,2027,Mubende,K13,2017,2022,-0.09549195333387547,-1.9249996617558722,1.5935150754910918,47.614513605066136,12.730507565377994,83.11100749818964
11,2028,Mubende,K13,2017,2022,0.22903058594942277,-1.6968248050706929,2.1521585187014787,55.70086649073714,15.488041892218646,89.58703100929037
12,2029,Mubende,K13,2017,2022,0.5642542058610709,-1.4466408896674448,2.5288694512783048,63.74363088711115,19.051907476199084,92.61410568168864
13,2030,Mubende,K13,2017,2022,0.8820918007798423,-1.2331745372333944,2.8912413885677326,70.72555059978933,22.562629048340163,94.74117652731516
14,2031,Mubende,K13,2017,2022,1.224986264520446,-1.0089300057308919,3.354532805119275,77.29398487763844,26.718930256503178,96.62529551609978
15,2032,Mubende,K13,2017,2022,1.5334831710314363,-0.903837658711144,3.7458895955137637,82.25153722267392,28.826249622555768,97.69301727767743
16,2033,Mubende,K13,2017,2022,1.8651145288957562,-0.5986424155371465,4.111028120278088,86.5891975022797,35.46543490858925,98.38734154318654
0,2016,Rukiga,K13,2016,2022,-1.8556025172822537,-3.4409741567637595,-0.34077650497984036,13.52164382269081,3.1039172283547884,41.56208670609493
3,2019,Rukiga,K13,2016,2022,-0.843636897047405,-2.421780263163942,0.622114028021143,30.076936476530403,8.152684960884143,65.06991984251576
4,2020,Rukiga,K13,2016,2022,-0.5363036255360508,-2.0316361979637754,1.0008078985510527,36.90478713494277,11.592113349304588,73.12173914714587
5,2021,Rukiga,K13,2016,2022,-0.1949076420706517,-1.7307114807938158,1.3699019530476468,45.14267628910368,15.049659617645231,79.73643121467937
6,2022,Rukiga,K13,2016,2022,0.14823462461592113,-1.3813966614702182,1.642078043411053,53.699094588936354,20.078478346531217,83.78174988375234
7,2023,Rukiga,K13,2016,2022,0.4600743811550768,-1.040968825079092,2.051747904140412,61.303182126848235,26.09631017253727,88.61241155979367
8,2024,Rukiga,K13,2016,2022,0.827801578222396,-0.7240440747407603,2.3719088581407637,69.58898845400442,32.650307250526915,91.46599784858456
9,2025,Rukiga,K13,2016,2022,1.1524436409213845,-0.4957902068564262,2.6942747142909265,75.99569748529406,37.8530494636032,93.6687961436819
10,2026,Rukiga,K13,2016,2022,1.492072758142329,-0.1152168797469056,3.101561652860807,81.6389178428093,47.122760231891036,95.69571157661532
11,2027,Rukiga,K13,2016,2022,1.8155131960562498,0.18161725533830364,3.5057628759942694,86.00268746620982,54.52799196757302,97.08512964742606
12,2028,Rukiga,K13,2016,2022,2.1588448680626122,0.4852514885006258,3.860993028822,89.649240857663,61.89871681392637,97.93867599174894
13,2029,Rukiga,K13,2016,2022,2.478252535929646,0.7460760684084259,4.235538183718069,92.26031094868121,67.83230936601872,98.57344320807795
14,2030,Rukiga,K13,2016,2022,2.8109975369914886,1.0036575140505288,4.668937458048103,94.32672251628401,73.17770815305622,99.07049748449982
15,2031,Rukiga,K13,2016,2022,3.140680275623692,1.30243832249042,4.921914201711108,95.85399240604609,78.62450627134403,99.27675176770465
16,2032,Rukiga,K13,2016,2022,3.511727765686839,1.6126610003353195,5.412194496735764,97.10196239656844,83.3780503620566,99.55579815954579
17,2033,Rukiga,K13,2016,2022,3.8211622278652397,1.844037633467797,5.77964030636358,97.85670998673093,86.34255317995981,99.69196910212706
0,2016,Tororo,K13,2016,2022,-4.184888341406486,-5.866845999343032,-2.5370946765777265,1.499561391436767,0.2823794339071998,7.329827488219066
1,2017,Tororo,K13,2016,2022,-3.7868281218396596,-5.369412062416829,-2.205825035546943,2.2164964327443806,0.4635282552461591,9.922861721399109
4,2020,Tororo,K13,2016,2022,-2.5907569445055882,-4.12432284148245,-1.0451689703582063,6.973566192324409,1.591699500577712,26.015386963967128
5,2021,Tororo,K13,2016,2022,-2.2024156327591644,-3.731388783066652,-0.6409695096202837,9.953377414059599,2.3398911019064856,34.50274133129869
6,2022,Tororo,K13,2016,2022,-1.7944711536072004,-3.3687537787918473,-0.295221833499624,14.252542133380764,3.3286386932463365,42.67259591063022
7,2023,Tororo,K13,2016,2022,-1.4168391205953896,-3.013356274671303,0.15600865728927238,19.515758806085312,4.682611557473142,53.89232512125464
8,2024,Tororo,K13,2016,2022,-1.0135938934894775,-2.6411879335243498,0.5984767006060264,26.62771092858617,6.653421809156736,64.53077220551474
9,2025,Tororo,K13,2016,2022,-0.6285030647363136,-2.312668526224389,0.9904518261976589,34.78500407673569,9.007917976897454,72.91771572452257
10,2026,Tororo,K13,2016,2022,-0.21368479327678946,-1.9912999171286245,1.4690367147131482,44.67811507422043,12.011940541370924,81.2910927259104
11,2027,Tororo,K13,2016,2022,0.14801389452686106,-1.578284097233049,1.9310845870229396,53.69360649508377,17.103863298922672,87.33694186622569
12,2028,Tororo,K13,2016,2022,0.5709728317385323,-1.2984035172574897,2.501780721335718,63.898762067918966,21.44338249969608,92.42665609154253
13,2029,Tororo,K13,2016,2022,0.9572706812742645,-0.9628169600031261,2.899988871642107,72.25750174066602,27.631454719170893,94.78458868043936
14,2030,Tororo,K13,2016,2022,1.360951623818182,-0.6753051564290544,3.456873005148414,79.59143179902057,33.730994723317714,96.94354486383146
15,2031,Tororo,K13,2016,2022,1.7673665584637919,-0.3760895334262177,3.8415593706386297,85.41298711138252,40.707039919996056,97.89907498663551
16,2032,Tororo,K13,2016,2022,2.149521659826552,-0.019952925320594696,4.309726655600288,89.56240693397056,49.50119341558305,98.6740942814299
17,2033,Tororo,K13,2016,2022,2.5230164690074948,0.1868444070028027,4.881442135190787,92.57396906499201,54.65756808761261,99.24710491158692
0,2017,Agago,C469Y,2017,2022,-2.357731908743347,-3.7372387635635547,-0.9185302907119012,8.645315815922693,2.3265602820848397,28.525745231804144
1,2018,Agago,C469Y,2017,2022,-2.1613260576561717,-3.5683646867207077,-0.8042293465531365,10.327757888513466,2.7428401008021335,30.912154829355607
2,2019,Agago,C469Y,2017,2022,-1.922681256946288,-3.276335429835307,-0.6121221921664081,12.756286956848669,3.639200605980227,35.15752493176646
3,2020,Agago,C469Y,2017,2022,-1.7203845155411563,-3.061401275546123,-0.38269809517086745,15.182164225698564,4.472779223467101,40.54763144913022
4,2021,Agago,C469Y,2017,2022,-1.5007300678641597,-2.8274549156811117,-0.1748816814981215,18.231666201918706,5.585846972763299,45.63906672218542
5,2022,Agago,C469Y,2017,2022,-1.2922659137051322,-2.650236131081685,0.048201246821752565,21.546952836089172,6.597445717092226,51.20479791461612
6,2023,Agago,C469Y,2017,2022,-1.0787459037598568,-2.4651963581637975,0.33842914264465235,25.374341608847935,7.833434710735135,58.38088925102169
7,2024,Agago,C469Y,2017,2022,-0.8531425168608361,-2.2911774271771916,0.5868844292403615,29.87740586715668,9.18562832672683,64.2649970225798
8,2025,Agago,C469Y,2017,2022,-0.6338938174097238,-2.1221142549555596,0.8150089992455816,34.662815157747254,10.696594002483295,69.3175863316598
9,2026,Agago,C469Y,2017,2022,-0.4354795570913686,-1.9617464019771145,1.1004835508478992,39.281862585672535,12.327817106531029,75.03506974946367
10,2027,Agago,C469Y,2017,2022,-0.20503628719423173,-1.85084803808,1.4433321327701172,44.8919753557703,13.577335836889993,80.89701210017921
11,2028,Agago,C469Y,2017,2022,-0.006070122930285298,-1.7697349218891327,1.6161507957420287,49.848247392703925,14.557529708452156,83.42635931686318
12,2029,Agago,C469Y,2017,2022,0.21862354740817544,-1.488993203405744,1.945872623934867,55.44392267861764,18.40728901679253,87.49958956321953
13,2030,Agago,C469Y,2017,2022,0.4236257310816435,-1.4587986146702188,2.356324051319444,60.43505291123735,18.865114274286782,91.34355858992696
14,2031,Agago,C469Y,2017,2022,0.6307585764431773,-1.3183823437127362,2.6341292790393953,65.26614471955388,21.10875552298328,93.30260434832081
15,2032,Agago,C469Y,2017,2022,0.8513607320384663,-1.2123500746278573,2.947666484763335,70.08525091470243,22.928549648610485,95.01530840471369
16,2033,Agago,C469Y,2017,2022,1.068502678132152,-1.0845164723896628,3.2298752509894415,74.43120623393955,25.265226810796765,96.1943186318942
0,2017,Arua,C469Y,2017,2022,-5.694097756508589,-7.841708302294269,-3.4733804917925672,0.3354482132073826,0.03928427229698971,3.0079200697372426
4,2021,Arua,C469Y,2017,2022,-3.1815001620622247,-4.629503293701348,-1.7799438695380951,3.986787045957285,0.966527627215571,14.431006520371822
5,2022,Arua,C469Y,2017,2022,-2.5733153163348197,-4.0101555833627645,-1.1602196476642443,7.0875671997681655,1.780771019067699,23.862737632263144
6,2023,Arua,C469Y,2017,2022,-1.9659919816374485,-3.4088723841693054,-0.5501408371342091,12.282003942329638,3.2019328480428184,36.583173431493314
7,2024,Arua,C469Y,2017,2022,-1.3532817468440939,-3.017888601182566,0.28223402468293163,20.53343642217506,4.662423728436577,57.009383954388326
8,2025,Arua,C469Y,2017,2022,-0.7330459721083495,-2.594592166693008,1.1786205838819086,32.45266660320481,6.948727127935198,76.46996904352709
9,2026,Arua,C469Y,2017,2022,-0.11709767557627072,-2.180635698661835,1.9953542988512583,47.07589858773509,10.150293743332242,88.03084456118121
10,2027,Arua,C469Y,2017,2022,0.5123325811651721,-1.8876212016969816,2.9933184740059917,62.535312655527186,13.151593649700581,95.22713634004579
11,2028,Arua,C469Y,2017,2022,1.1182390887163154,-1.405712261694945,3.8539609797404664,75.36619394198999,19.691122621117856,97.92443149538731
12,2029,Arua,C469Y,2017,2022,1.7312085365740468,-1.1953916320632005,4.942607803552944,84.95669400591557,23.229603381416453,99.29145963000019
13,2030,Arua,C469Y,2017,2022,2.352981601078599,-0.8911234943248051,5.832140517053855,91.31709294826548,29.08780320683268,99.7076775591433
14,2031,Arua,C469Y,2017,2022,2.9764229405878457,-0.3302192265502249,6.6758242525975335,95.14975565010624,41.818728291773766,99.87405554529771
15,2032,Arua,C469Y,2017,2022,3.5771386508881924,-0.12605875256546642,7.7554941347605375,97.28046860453253,46.852697847268544,99.9571800960749
16,2033,Arua,C469Y,2017,2022,4.1950029906565804,0.10846039264910994,8.76342014093495,98.51530564033807,52.7088548335132,99.98436754835375
0,2018,Kaabong,C469Y,2018,2022,-3.0951162647020447,-4.493613923916265,-1.6578798806158073,4.330915433925049,1.1056552346186446,16.00468030811367
1,2019,Kaabong,C469Y,2018,2022,-2.7373774378120848,-4.126389515056361,-1.3367223240221602,6.080349609244928,1.5884655731145891,20.804958793198605
2,2020,Kaabong,C469Y,2018,2022,-2.4181223658269166,-3.744309803225931,-1.0754805391463085,8.18011733852188,2.3105458805382746,25.436223505797685
3,2021,Kaabong,C469Y,2018,2022,-2.0931532288955763,-3.4063044955960224,-0.7803760259230823,10.976407433802482,3.2099013568315637,31.423884952506945
4,2022,Kaabong,C469Y,2018,2022,-1.7506700718698553,-3.1119500456136913,-0.3751860640264836,14.796270231602167,4.261700979459461,40.728848256407126
5,2023,Kaabong,C469Y,2018,2022,-1.3986613931656713,-2.789590756164488,-0.039919215256630565,19.802861405643846,5.7889270620950075,49.00215212458521
6,2024,Kaabong,C469Y,2018,2022,-1.0868532658132002,-2.547836989173756,0.3603916047732297,25.221129196307473,7.2571932812801645,58.91352272249192
7,2025,Kaabong,C469Y,2018,2022,-0.7503285201804323,-2.2928870691707517,0.8241754303686518,32.07497221359798,9.171376662352703,69.51219485497145
8,2026,Kaabong,C469Y,2018,2022,-0.4073813498895495,-2.0241108403587065,1.204869209265317,39.95401902238392,11.669458980399796,76.9389855963326
9,2027,Kaabong,C469Y,2018,2022,-0.06363608840498271,-1.856908070060242,1.706630961602007,48.40963444262493,13.50638487767152,84.63987936883008
10,2028,Kaabong,C469Y,2018,2022,0.2955025349575437,-1.556634484142449,2.130983500388409,57.33427077353718,17.413010718255574,89.38783391749428
11,2029,Kaabong,C469Y,2018,2022,0.6142450824704707,-1.3695658915429025,2.6197854614772504,64.89085535603142,20.26899922376046,93.2124134100855
12,2030,Kaabong,C469Y,2018,2022,0.9472622663556187,-1.1440133808079875,3.13131926448135,72.05642645175857,24.158426168657396,95.81663058348546
13,2031,Kaabong,C469Y,2018,2022,1.28144974009617,-1.0603119163597337,3.6235572280060993,78.26964532091282,25.7249851588109,97.40061394118236
14,2032,Kaabong,C469Y,2018,2022,1.5957839482484486,-0.7507915665020906,4.064462285379564,83.14283086351637,32.064884691503465,98.31176862691669
15,2033,Kaabong,C469Y,2018,2022,1.9572764835326997,-0.634557710836855,4.527099611111806,87.62379030983173,34.647781024890755,98.93036591119908
0,2018,Katakwi,C469Y,2018,2022,-3.029151893382158,-4.442087868095306,-1.591772899745017,4.612612810277342,1.1634383611681274,16.913460854916362
1,2019,Katakwi,C469Y,2018,2022,-2.6743168554015773,-4.04125946297837,-1.3141451239485664,6.450597790640018,1.727176613311475,21.179404155242768
2,2020,Katakwi,C469Y,2018,2022,-2.2726002804340077,-3.639265491131457,-0.917717655028739,9.341775925079215,2.5599103363708378,28.54231659720882
3,2021,Katakwi,C469Y,2018,2022,-1.8986515178755115,-3.151401624823657,-0.598660627763151,13.026117206072561,4.10360857885894,35.465018078022396
4,2022,Katakwi,C469Y,2018,2022,-1.5031184444590722,-2.854270812669164,-0.18302109893384474,18.196087941102217,5.446097288366334,45.437201986732106
5,2023,Katakwi,C469Y,2018,2022,-1.1256124345878242,-2.5060890980050385,0.27863416700069316,24.497171918662485,7.543241254079953,56.921134002474716
6,2024,Katakwi,C469Y,2018,2022,-0.7276673865013094,-2.236279006676828,0.7138183514007057,32.57068119657333,9.653959877715105,67.12443262556273
7,2025,Katakwi,C469Y,2018,2022,-0.3323912010501148,-1.8886317504990229,1.1728170690349589,41.76589211096279,13.1400555097741,76.36538366728357
8,2026,Katakwi,C469Y,2018,2022,0.02706633265054423,-1.5499346463024115,1.6268258460611968,50.676617010068384,17.509570746873983,83.57343473971895
9,2027,Katakwi,C469Y,2018,2022,0.4013032367687608,-1.247492104329182,2.12545196178198,59.90007364402739,22.313456946356915,89.33524738408
10,2028,Katakwi,C469Y,2018,2022,0.7894251867137279,-0.9880348598563123,2.6391139903285956,68.7707893700101,27.130040431979353,93.33368588022682
11,2029,Katakwi,C469Y,2018,2022,1.1821379097287803,-0.7439571133125167,3.132215512436602,76.53319878611241,32.213943879308886,95.8202215963634
12,2030,Katakwi,C469Y,2018,2022,1.5548554622828845,-0.3915208527205886,3.697241117687773,82.56139054596494,40.33512400460106,97.58079355991865
13,2031,Katakwi,C469Y,2018,2022,1.9383725674893706,-0.15711761475905514,4.141336873962822,87.41732440278601,46.08012014342107,98.43473233903178
14,2032,Katakwi,C469Y,2018,2022,2.349526711587509,0.050004491467627254,4.645437372215572,91.2896600724081,51.24985186495546,99.04860569031857
15,2033,Katakwi,C469Y,2018,2022,2.7059606247845087,0.3248133620785648,5.224737801321981,93.73774519000219,58.04968553891552,99.46470375492352
0,2020,Koboko,C469Y,2020,2022,-4.010585728854855,-5.511499771006638,-2.5461534084980184,1.7800188250067874,0.40237874198828644,7.268532820029629
1,2021,Koboko,C469Y,2020,2022,-3.650540578039458,-5.055429018756112,-2.2168865478351516,2.5319359261857977,0.6334252812702147,9.82442875236889
2,2022,Koboko,C469Y,2020,2022,-3.2982064643779596,-4.808649421285782,-1.8219677643735865,3.5632769367883457,0.8092842992300814,13.919792432891802
3,2023,Koboko,C469Y,2020,2022,-2.917510227687208,-4.493533840674961,-1.3819421511334324,5.1294726876345855,1.1057428035060126,20.06972628875705
4,2024,Koboko,C469Y,2020,2022,-2.5291837400391546,-4.311026884084579,-0.7881758185912513,7.383744751679034,1.3242056726968983,31.256049068314507
5,2025,Koboko,C469Y,2020,2022,-2.1832805594328972,-4.070412969279224,-0.3579849955812239,10.126197999218364,1.678383185197696,41.144742905601966
6,2026,Koboko,C469Y,2020,2022,-1.8227235686735763,-3.9048368035734646,0.23143335108591626,13.910738714365737,1.9746464145024718,55.76014657478054
7,2027,Koboko,C469Y,2020,2022,-1.432758609894838,-3.822836102025341,0.7154905822891897,19.266922472212073,2.139782118979715,67.16132407152723
8,2028,Koboko,C469Y,2020,2022,-1.0652910017481265,-3.68508302100382,1.3269132089805757,25.629963642836778,2.448074469605013,79.03295849627338
9,2029,Koboko,C469Y,2020,2022,-0.720876001925226,-3.6117412174368964,1.980049095929327,32.720011051145306,2.629470193880584,87.86863956653787
10,2030,Koboko,C469Y,2020,2022,-0.3402360468775254,-3.5828011520023892,2.5835200738614383,41.57521395956298,2.7045908755897354,92.97933991277152
11,2031,Koboko,C469Y,2020,2022,0.007732792898427621,-3.5142279954376994,3.074515477581074,50.193318859152384,2.8910101080828845,95.58292075516066
12,2032,Koboko,C469Y,2020,2022,0.38519158677700105,-3.4981967237932485,3.858846931726259,59.51246377909235,2.9363582985164998,97.93433891880146
13,2033,Koboko,C469Y,2020,2022,0.7703096919958126,-3.5205928725526086,4.393502937587292,68.3587882526269,2.873194635162779,98.77934742756044
0,2016,Kole,C469Y,2016,2022,-4.338009716760312,-5.897100287808184,-2.8613223871775224,1.2894071608628292,0.27398724231730226,5.409899098559129
1,2017,Kole,C469Y,2016,2022,-4.008080738971414,-5.454664698354037,-2.568210593542265,1.7844036785740145,0.42581014318497745,7.121256704867954
3,2019,Kole,C469Y,2016,2022,-3.3925187982627927,-4.695261757354467,-2.0268991716672087,3.25300905735425,0.9055719525340363,11.640748412177098
4,2020,Kole,C469Y,2016,2022,-3.0416400182889562,-4.421171179295195,-1.7273937784203923,4.557977309307235,1.1877378464559714,15.092124771615428
5,2021,Kole,C469Y,2016,2022,-2.725108077437965,-4.073806383350151,-1.3741588207879463,6.1507942659591155,1.6727925002456636,20.194875730368512
6,2022,Kole,C469Y,2016,2022,-2.392639741588424,-3.755695146386482,-0.9974263504984723,8.373567765236865,2.284986397337011,26.94477323793333
7,2023,Kole,C469Y,2016,2022,-2.0617798333261486,-3.4808463445736084,-0.6414014193796146,11.2867495335304,2.986215110176132,34.49298153691775
8,2024,Kole,C469Y,2016,2022,-1.7452792103126824,-3.1556412778612106,-0.30070478039061954,14.864361741749905,4.086957069282957,42.53852028098665
9,2025,Kole,C469Y,2016,2022,-1.4122450794039358,-2.953123669743373,0.11482013493125993,19.588018988512815,4.958908567899999,52.86735387955113
10,2026,Kole,C469Y,2016,2022,-1.0876977941559225,-2.7113325905686043,0.5481347704058473,25.205204661290807,6.2307948459364875,63.37027353163278
11,2027,Kole,C469Y,2016,2022,-0.7819880456350228,-2.5288379563523593,0.9227974420268032,31.389157495858232,7.38610975846339,71.56117607384552
12,2028,Kole,C469Y,2016,2022,-0.44689642651288564,-2.2505185953295053,1.379081747795783,39.00989213281188,9.530474131822917,79.88434844319274
13,2029,Kole,C469Y,2016,2022,-0.11531222017240161,-2.0373679935937163,1.8326066791319509,47.12038462053755,11.533501137947207,86.20719637518945
14,2030,Kole,C469Y,2016,2022,0.18090619517548925,-1.7982471698462148,2.162077035644687,54.510360683187585,14.206456973691795,89.67919494602776
15,2031,Kole,C469Y,2016,2022,0.5374987971167305,-1.6199942548203243,2.680429294421292,63.12303826109774,16.52056625226281,93.58618965600101
16,2032,Kole,C469Y,2016,2022,0.8362707192212039,-1.3889637436242792,3.1974237303440765,69.76792055264035,19.95732408077639,96.07372124339328
17,2033,Kole,C469Y,2016,2022,1.1936793226605387,-1.1816961792020841,3.5885368975788987,76.73984622306418,23.47473557697645,97.31046153595538
0,2016,Lamwo,C469Y,2016,2022,-2.464498377322157,-3.795385380684029,-1.07791434698812,7.838475481569514,2.1980253451013994,25.390091000388807
1,2017,Lamwo,C469Y,2016,2022,-2.1989118928345217,-3.5504443199453686,-0.8281876937634145,9.98482440652136,2.7910516179924874,30.402840910819616
2,2018,Lamwo,C469Y,2016,2022,-1.9121057472431122,-3.261703087079803,-0.5806693730325321,12.874446717879316,3.6908622953225234,35.87785854874233
3,2019,Lamwo,C469Y,2016,2022,-1.6485810052658871,-2.925106810780082,-0.34440241887499257,16.130082300425265,5.092630753924102,41.47404748288301
4,2020,Lamwo,C469Y,2016,2022,-1.3855939286315504,-2.6671367257382324,-0.05927057339559251,20.011209274757228,6.49406197359606,48.51866929939161
5,2021,Lamwo,C469Y,2016,2022,-1.127166801852075,-2.451744343491505,0.2317349734161685,24.468433650068135,7.931108226037071,55.767586927569255
6,2022,Lamwo,C469Y,2016,2022,-0.8492917346624818,-2.176328024724043,0.52804541950105,29.958145344669486,10.18964726211482,62.90271218383255
7,2023,Lamwo,C469Y,2016,2022,-0.5677258802838686,-1.8945385886422161,0.744708105529228,36.176173152299974,13.072784799201562,67.80245301791516
8,2024,Lamwo,C469Y,2016,2022,-0.29372250310827247,-1.7009476659912197,1.0690454438292039,42.70927819028894,15.43415349837457,74.44153432583971
9,2025,Lamwo,C469Y,2016,2022,-0.044283228871409216,-1.458298012437742,1.3775093763125132,48.89310015858759,18.87277778091399,79.85906972836129
10,2026,Lamwo,C469Y,2016,2022,0.24061354879676178,-1.2030542383691694,1.715301603114335,55.98648431791534,23.093233013883093,84.75226627909322
11,2027,Lamwo,C469Y,2016,2022,0.4948466131998284,-1.037003051542939,2.0800013464296456,62.124750409510135,26.172867093839386,88.8944166211476
12,2028,Lamwo,C469Y,2016,2022,0.7640774439475788,-0.8437707781537773,2.3104670286134725,68.22383356482088,30.074120936188788,90.97402117376232
13,2029,Lamwo,C469Y,2016,2022,1.0348011461930662,-0.6399895864436158,2.712312104720211,73.78456388279758,34.52488933961243,93.77492557797828
14,2030,Lamwo,C469Y,2016,2022,1.3201602584617904,-0.3137884095063278,2.9404579837859446,78.92083681184003,42.219030144998094,94.98105636041764
15,2031,Lamwo,C469Y,2016,2022,1.5618767343886752,-0.13338409924522332,3.3646194966526415,82.66224872283983,46.67033265321068,96.65803214694685
16,2032,Lamwo,C469Y,2016,2022,1.8401428702838878,-0.017683613584060905,3.673366216698179,86.29656035647899,49.55792118055105,97.52378766696961
17,2033,Lamwo,C469Y,2016,2022,2.1296257954409477,0.16723266656477795,3.9542115771231843,89.3749478590895,54.17110017740345,98.11869378692204
0,2017,Tororo,C469Y,2017,2022,-5.356772547585603,-7.365531695483736,-3.3317439333998484,0.46939653460624564,0.06322888770303402,3.4498096212951563
4,2021,Tororo,C469Y,2017,2022,-2.9314807954025004,-4.34131669815851,-1.550783641861313,5.061911523967893,1.28520486936713,17.497311475043105
5,2022,Tororo,C469Y,2017,2022,-2.313199416093927,-3.7219729118204197,-0.9517176681339353,9.00356748913588,2.361504520799858,27.85395162728638
6,2023,Tororo,C469Y,2017,2022,-1.7372903589952589,-3.2839050070968843,-0.269293955964696,14.965743643664911,3.612748847957232,43.30804360199297
7,2024,Tororo,C469Y,2017,2022,-1.1438153832593208,-2.7525796816583457,0.5133092470340422,24.162054091219634,5.994112466990721,62.5581918246113
8,2025,Tororo,C469Y,2017,2022,-0.5113632352623652,-2.3829618293108754,1.3585935638142834,37.487400577556485,8.448120351273634,79.55310199006415
9,2026,Tororo,C469Y,2017,2022,0.07315724878619086,-1.970884132525103,2.1608514003201607,51.82811595523954,12.229395398391551,89.66784541936894
10,2027,Tororo,C469Y,2017,2022,0.654586559955907,-1.6436767416517515,3.0885316799627476,65.80432878903177,16.196538840664765,95.64172015648583
11,2028,Tororo,C469Y,2017,2022,1.2640846240679013,-1.2394833216455916,3.9805370068033805,77.97284516170139,22.452593388156775,98.16667763765143
12,2029,Tororo,C469Y,2017,2022,1.8519987956898636,-0.8603243444468358,4.9093504443267095,86.43616137381616,29.727158525948916,99.26767469503115
13,2030,Tororo,C469Y,2017,2022,2.470106341698058,-0.6398992495088868,5.783256721748342,92.20194111410989,34.52693145349445,99.69307764510518
14,2031,Tororo,C469Y,2017,2022,3.0386365502230914,-0.3889470077239763,6.760648473349748,95.42893907945343,40.397081283554215,99.88428628292301
15,2032,Tororo,C469Y,2017,2022,3.66289358797394,0.017236754435994144,7.679839757103735,97.49837109140834,50.430908192179224,99.95381644577105
16,2033,Tororo,C469Y,2017,2022,4.253910201681743,0.3489752455832007,8.596201599797482,98.59904882992508,58.63690566031919,99.98152277161466
0,2018,Kanungu,C469F,2018,2022,-3.789677890529522,-5.068103072002859,-2.4953900151817776,2.210328339040392,0.6254977738427716,7.618198965763803
2,2020,Kanungu,C469F,2018,2022,-2.786332499537652,-3.785358695132137,-1.7894537446195087,5.8067225945388214,2.2196834581511244,14.313970904313965
3,2021,Kanungu,C469F,2018,2022,-2.282388980338396,-3.302693901034157,-1.2812099461179551,9.259203851583774,3.547888816372405,21.734433436655923
4,2022,Kanungu,C469F,2018,2022,-1.7748036500322442,-2.86503875987818,-0.6910421849109724,14.494596474506194,5.390913052621753,33.38012741403225
5,2023,Kanungu,C469F,2018,2022,-1.26127956859217,-2.6069752901930148,-0.014119950654744511,22.075370025858604,6.869084946756231,49.64700709838324
6,2024,Kanungu,C469F,2018,2022,-0.7601870998488764,-2.348413132861247,0.7680432973397341,31.86056461871636,8.719198776733252,68.30974677418459
7,2025,Kanungu,C469F,2018,2022,-0.26389047803044446,-2.1361925319897,1.4911567819541485,43.44075841625804,10.5628545699754,81.6251835739245
8,2026,Kanungu,C469F,2018,2022,0.24523386682042111,-1.8929831105332406,2.331740704308296,56.100304754588215,13.090471108787726,91.14718963455915
9,2027,Kanungu,C469F,2018,2022,0.7621920225973577,-1.8125327834767886,3.117451591573511,68.18294563145336,14.033229447295087,95.76068937071385
10,2028,Kanungu,C469F,2018,2022,1.258084689041887,-1.4978554781841378,3.9637744492946934,77.86962214668222,18.27455894831696,98.13626502927926
11,2029,Kanungu,C469F,2018,2022,1.7591364609837026,-1.3934984876451095,4.697599221309551,85.31014750460503,19.884983052032698,99.09652321534935
12,2030,Kanungu,C469F,2018,2022,2.2614114369850302,-1.1529021229362186,5.5748286210827525,90.56303272345795,23.995939773939657,99.62222004727957
13,2031,Kanungu,C469F,2018,2022,2.765625135561774,-1.0465641427123145,6.324965742452931,94.07897568101005,25.988542534010396,99.82121744392308
14,2032,Kanungu,C469F,2018,2022,3.2731780181819885,-0.772610858288519,7.206417389829671,96.34971087813216,31.591459598986408,99.9258739857547
15,2033,Kanungu,C469F,2018,2022,3.78946587397284,-0.6089593414683687,8.060459820359862,97.78921334649817,35.229662273067404,99.96843181174022
0,2016,Rukiga,C469F,2016,2022,-1.4886810332984053,-2.492230330296043,-0.5028528711219364,18.41197796394737,7.640466089059561,37.68704680903956
4,2020,Rukiga,C469F,2016,2022,-0.6594359627153312,-1.5921273739774426,0.2616365103038079,34.08663260799228,16.908480080349143,56.503853964532254
5,2021,Rukiga,C469F,2016,2022,-0.475154787193387,-1.3668901770148052,0.5179758040332592,38.33969025503366,20.312274979893846,62.6674319905692
6,2022,Rukiga,C469F,2016,2022,-0.2511484752651472,-1.1642453236852948,0.7281295191428745,43.75408404234776,23.789674374444797,67.43946742997677
7,2023,Rukiga,C469F,2016,2022,-0.04234218379072537,-0.9880587590833629,0.9332060053314009,48.94160353027814,27.129567955219855,71.77252615658732
8,2024,Rukiga,C469F,2016,2022,0.16276185299971074,-0.803921850566234,1.1283447758951373,54.060087156819115,30.918722265632155,75.55333040087311
9,2025,Rukiga,C469F,2016,2022,0.36881922940902756,-0.5951793319817751,1.3350249085665162,59.11736318476062,35.54473594585891,79.16705988862786
10,2026,Rukiga,C469F,2016,2022,0.5616130826601248,-0.41864736740779823,1.5800090393385389,63.682569426793194,39.684046849747375,82.92057981645804
11,2027,Rukiga,C469F,2016,2022,0.7876014422280514,-0.2756805890752358,1.779907971611462,68.73160818331071,43.15130537540711,85.56855018960465
12,2028,Rukiga,C469F,2016,2022,0.9903042818022486,-0.08378254590268153,2.09023748796679,72.91480195128986,47.90666072806601,88.99506869977317
13,2029,Rukiga,C469F,2016,2022,1.1893452246993212,0.0819947003145854,2.303539332097316,76.6623937734192,52.04871981883636,90.91697410470613
14,2030,Rukiga,C469F,2016,2022,1.393451499673069,0.2686697949738233,2.5143023599564613,80.11426837868608,56.67663124714822,92.51384060594991
15,2031,Rukiga,C469F,2016,2022,1.6103505044315296,0.3973744995955429,2.817699975595135,83.34600436681254,59.80566923031907,94.36248367895891
16,2032,Rukiga,C469F,2016,2022,1.8038341335145442,0.5831713005025244,3.034614490811801,85.86150210468813,64.17967956227136,95.41136230177848
17,2033,Rukiga,C469F,2016,2022,2.00950991744011,0.7554687814967737,3.2588003832445445,88.17919480374705,68.03691498088965,96.29880576321837
0,2017,Agago,A675V,2017,2022,-3.080307555188448,-4.710845363660368,-1.5711533051464563,4.392689708907905,0.891694126442991,17.20520411154692
1,2018,Agago,A675V,2017,2022,-2.79729620641972,-4.3727856248821135,-1.282920150856277,5.747045880412267,1.2458866341150452,21.70535592959435
2,2019,Agago,A675V,2017,2022,-2.524214214010243,-4.052418416763998,-1.0046714706435795,7.4178011488302404,1.7083376923085871,26.80239464713017
3,2020,Agago,A675V,2017,2022,-2.2542487216133136,-3.707582303267216,-0.7961914888393923,9.498360845436373,2.3949139471096026,31.08407852149593
4,2021,Agago,A675V,2017,2022,-2.0065583214802873,-3.4464315142567354,-0.4818411605898051,11.851605816429032,3.0875457606368113,38.18174563243278
5,2022,Agago,A675V,2017,2022,-1.7287632607772243,-3.3122752143266343,-0.16525809961704382,15.074584061722843,3.5152469608971217,45.8779244814175
6,2023,Agago,A675V,2017,2022,-1.460071234437205,-2.9940335094895927,0.2063485822854147,18.845643033417204,4.769614830566534,55.14048743786319
7,2024,Agago,A675V,2017,2022,-1.1934449273392538,-2.8073527767944775,0.39482117452703003,23.264337950236296,5.692813655402419,59.744275817246766
8,2025,Agago,A675V,2017,2022,-0.9361581911265384,-2.585452521792155,0.822258349554708,28.167702288050595,7.0080559966333436,69.47155146408886
9,2026,Agago,A675V,2017,2022,-0.6546933983403959,-2.4421800946228904,1.1047207664234084,34.19326714945809,8.001228770045369,75.11435896252297
10,2027,Agago,A675V,2017,2022,-0.3699352595928382,-2.2550498387179045,1.5186664403096997,40.85566652246524,9.491476538895089,82.03420232025029
11,2028,Agago,A675V,2017,2022,-0.11534942949498773,-2.088151318757779,1.881011177405973,47.11945747393219,11.025379547843652,86.77272292098958
12,2029,Agago,A675V,2017,2022,0.14039038167352993,-1.9329528638681142,2.2606169448873303,53.5040062590877,12.642410283282599,90.55624048462654
13,2030,Agago,A675V,2017,2022,0.4272718996737544,-1.8156971412203136,2.720353307334544,60.522203545462105,13.995098336599456,93.82170166661263
14,2031,Agago,A675V,2017,2022,0.714235777713614,-1.6247969901241714,2.999363049352862,67.13364353806816,16.45443686661268,95.25453432233824
15,2032,Agago,A675V,2017,2022,0.9788558397424093,-1.5225825996818636,3.4645740109598404,72.68811309539332,17.90815332505377,96.96628091491579
16,2033,Agago,A675V,2017,2022,1.2902749162625045,-1.4061132855675476,3.9532839345541673,78.419371797217,19.684781712871523,98.11698067480998
0,2017,Arua,A675V,2017,2022,-3.9087457708080975,-5.639191427890577,-2.219228455085849,1.9670941932973443,0.35431438118575964,9.803700758191127
2,2019,Arua,A675V,2017,2022,-3.7085427998824256,-5.306195658536304,-2.1204818111488546,2.3926697570543793,0.4936275607202289,10.712197803900818
4,2021,Arua,A675V,2017,2022,-3.4618197458461912,-5.175135880820346,-1.8680920403242616,3.0418317534950288,0.5623644165405457,13.37626437610392
5,2022,Arua,A675V,2017,2022,-3.3641858322369895,-5.085030458722583,-1.6756848878716482,3.343368994182543,0.6150634166602162,15.76677066913015
6,2023,Arua,A675V,2017,2022,-3.231851109379169,-5.057643189884622,-1.5060065055714105,3.7984546468068805,0.6320331753903593,18.153138308420704
7,2024,Arua,A675V,2017,2022,-3.123081755608856,-5.102244463034499,-1.249191865417533,4.216513249743225,0.6046297886679942,22.28400621386529
8,2025,Arua,A675V,2017,2022,-3.0090026582650173,-5.233582544890199,-0.9277297263365154,4.702081623613327,0.5306075745892871,28.338553071644572
9,2026,Arua,A675V,2017,2022,-2.88712335330455,-5.192374452710021,-0.695265062979035,5.279378483983931,0.5528062692461762,33.28628590398201
10,2027,Arua,A675V,2017,2022,-2.78379219702367,-5.261536983570652,-0.43815628086912084,5.820632495020137,0.5160556267615368,39.21803781965073
11,2028,Arua,A675V,2017,2022,-2.660239772918773,-5.424729634445163,-0.163750897011419,6.536068449139767,0.4386927370225657,45.91535076826467
12,2029,Arua,A675V,2017,2022,-2.543467910788438,-5.480487086955541,0.22499344777538516,7.286654442308163,0.41500050528820215,55.601227304584384
13,2030,Arua,A675V,2017,2022,-2.407511510937417,-5.641957014658837,0.4583289424688415,8.26016967212081,0.3533393052978206,61.26176800569593
14,2031,Arua,A675V,2017,2022,-2.2974407053124435,-5.656063705050449,0.7011669799202037,9.133514261150387,0.3484070936687552,66.84464558376953
15,2032,Arua,A675V,2017,2022,-2.196840434768401,-5.886367959478763,1.0406437261912982,10.003457814385321,0.2769354120806258,73.89741943883759
16,2033,Arua,A675V,2017,2022,-2.096611207009393,-6.055164806973944,1.379457661604533,10.942663050942441,0.23402259941563128,79.89038842026504
0,2017,Jinja,A675V,2017,2022,-6.939647466450074,-9.349786842589781,-4.470587577952136,0.09676737054548597,0.008697639284280372,1.131118498743624
3,2020,Jinja,A675V,2017,2022,-5.857107927543416,-7.693276081970918,-3.9694025528908337,0.2851348186760647,0.045567448123707145,1.8534690090800336
5,2022,Jinja,A675V,2017,2022,-5.139740251275798,-6.892247800538776,-3.407392947517919,0.5825081056832204,0.1014597888975806,3.2065214035146044
6,2023,Jinja,A675V,2017,2022,-4.778107822695398,-6.66812517683526,-2.951373295581782,0.8341730913588535,0.12691661752189004,4.967164589606929
7,2024,Jinja,A675V,2017,2022,-4.44627441572156,-6.5368857775179805,-2.313231323963261,1.1586340694078119,0.14468974238150295,9.003306073768313
8,2025,Jinja,A675V,2017,2022,-4.0625989244347664,-6.458145205986435,-1.7333963455935368,1.691326835079707,0.15652469385853932,15.015366527294354
9,2026,Jinja,A675V,2017,2022,-3.6933781183944028,-6.3373762841370445,-1.0335836554404427,2.4283425296952914,0.1765813728696726,26.238992792634253
10,2027,Jinja,A675V,2017,2022,-3.300771197972964,-6.415991568065748,-0.34593332228289037,3.554474212149546,0.16325281878598624,41.43689259680892
11,2028,Jinja,A675V,2017,2022,-2.986350457309684,-6.235743587812826,0.414575615309194,4.804633716273027,0.1954345653443755,60.218451641320065
12,2029,Jinja,A675V,2017,2022,-2.6271302862264823,-6.270767731157377,1.064746863602733,6.741264044775941,0.18872081292509285,74.35966315744852
13,2030,Jinja,A675V,2017,2022,-2.2602901352600258,-6.232278207175826,1.7767324573604135,9.446554733520543,0.196111664852717,85.52929214683599
14,2031,Jinja,A675V,2017,2022,-1.9080701876272286,-6.248025518778053,2.7423885909489223,12.919781179090661,0.19305353713800114,93.9482043941018
15,2032,Jinja,A675V,2017,2022,-1.5735267217440325,-6.391368077527299,3.370326581911439,17.171421070902586,0.16731576383566965,96.67641862271685
16,2033,Jinja,A675V,2017,2022,-1.172267851369379,-6.325367409698335,4.255035520420693,23.64453041395955,0.1787108877087356,98.60060241049315
0,2018,Kaabong,A675V,2018,2022,-2.1002436812005847,-3.727613472683862,-0.4565698328463092,10.907313892924602,2.348533756032501,38.779986962720116
1,2019,Kaabong,A675V,2018,2022,-2.1003958298024212,-3.638814633352938,-0.543360555740995,10.905835458729927,2.5610351870849466,36.74061782180868
2,2020,Kaabong,A675V,2018,2022,-2.0867251350584493,-3.5520489102597606,-0.5613002283893525,11.03937788847423,2.7867014169446107,36.32466653671687
3,2021,Kaabong,A675V,2018,2022,-2.078703251201258,-3.5651317558774904,-0.5331297934271945,11.118404962752283,2.7514774828139497,36.9787209706917
4,2022,Kaabong,A675V,2018,2022,-2.05065700081801,-3.622848163492084,-0.4751551561032127,11.398601183449188,2.6011818846066777,38.33968153386861
5,2023,Kaabong,A675V,2018,2022,-2.020925703555602,-3.7527241861814256,-0.3748942323309851,11.702330507490654,2.2916292943677217,40.73589339760034
6,2024,Kaabong,A675V,2018,2022,-2.0311163464490556,-3.794954195508477,-0.20225121597172205,11.597442029465821,2.198952460207822,44.960885216616525
7,2025,Kaabong,A675V,2018,2022,-2.0150346883209522,-3.9585781428572244,-0.09214118370126997,11.763339157610318,1.873262825283256,47.698098771753024
8,2026,Kaabong,A675V,2018,2022,-2.018530854210065,-4.160599298433373,0.1872116675658071,11.727098915684358,1.5358639890844057,54.66666977628193
9,2027,Kaabong,A675V,2018,2022,-1.982016108144265,-4.320043178014861,0.251790223825421,12.110408362882678,1.3124759062118447,56.26170868257372
10,2028,Kaabong,A675V,2018,2022,-1.953291930038342,-4.553689148935356,0.5070042514898123,12.41948501510169,1.0418602125939438,62.41039389403322
11,2029,Kaabong,A675V,2018,2022,-1.939635244429167,-4.74449668504937,0.7211025133816572,12.568793420681121,0.8624411912696714,67.28497518135765
12,2030,Kaabong,A675V,2018,2022,-1.9280060448408263,-4.916888652041303,0.9766118106429578,12.697144509478369,0.7268656147352321,72.64354084410355
13,2031,Kaabong,A675V,2018,2022,-1.8983636592895863,-5.242726696152472,1.2195459134602564,13.029378795198303,0.5258031301628582,77.19836287583551
14,2032,Kaabong,A675V,2018,2022,-1.9200879071461963,-5.267784843599429,1.4576029137456197,12.785176385138321,0.5128579190428703,81.11657728779717
15,2033,Kaabong,A675V,2018,2022,-1.8724008327404011,-5.580614555291888,1.6185557776985655,13.326417050909251,0.37560864045189163,83.45958575869079
0,2018,Katakwi,A675V,2018,2022,-2.8515579480655355,-4.38379042752594,-1.2709181356264896,5.460084075016193,1.2324191109602813,21.91001229217761
1,2019,Katakwi,A675V,2018,2022,-2.5192401057615355,-4.077831593658922,-0.9581219859267578,7.452033589262707,1.6661846564364915,27.725436209417797
2,2020,Katakwi,A675V,2018,2022,-2.200966824154053,-3.7194547305460284,-0.7238520896189247,9.966370158353817,2.36731775638079,32.654529121240515
3,2021,Katakwi,A675V,2018,2022,-1.8941141489618734,-3.375629119060934,-0.30314144741532373,13.077608806153417,3.306585796526814,42.478971043756076
4,2022,Katakwi,A675V,2018,2022,-1.5725632385883057,-3.0884873907100054,-0.09443628393302063,17.185128876264724,4.358464459635722,47.64084592741906
5,2023,Katakwi,A675V,2018,2022,-1.2507908672286843,-2.824379704481115,0.2610666510977081,22.256326594651377,5.602087282868585,56.48984801676642
6,2024,Katakwi,A675V,2018,2022,-0.957740841752431,-2.5569426724675526,0.6711058662876861,27.73307439172985,7.196145276758244,66.17507369225956
7,2025,Katakwi,A675V,2018,2022,-0.646665134911536,-2.3146255415704604,1.098666111809444,34.374143455582036,8.99189017900304,75.00100917032059
8,2026,Katakwi,A675V,2018,2022,-0.3256956878980272,-2.051154649256994,1.4539172693088005,41.92882956746402,11.393576237961588,81.06005735581122
9,2027,Katakwi,A675V,2018,2022,0.004066628380261343,-1.826285502234559,1.9254277208268813,50.101665569398996,13.868137045329123,87.27424734775833
10,2028,Katakwi,A675V,2018,2022,0.3272952200411409,-1.663865540903746,2.3925230456619357,58.1101117045607,15.92437762834756,91.62553685328072
11,2029,Katakwi,A675V,2018,2022,0.6341550607514432,-1.483065827394312,2.814599598119771,65.34310116798608,18.49647907126555,94.34596789695571
12,2030,Katakwi,A675V,2018,2022,0.9444043229123367,-1.2878706001293176,3.1389924443679833,71.99884510112638,21.621345191720685,95.84727957883494
13,2031,Katakwi,A675V,2018,2022,1.2615637424061388,-1.0739667279121439,3.6946019712101656,77.92951798691269,25.46494544055809,97.57455554777094
14,2032,Katakwi,A675V,2018,2022,1.5808018371225534,-0.9664576907934987,4.154832942931244,82.9318047692912,27.558712232377026,98.45539128053566
15,2033,Katakwi,A675V,2018,2022,1.8865849101277437,-0.7804738732029718,4.615062032797156,86.83656535982949,31.421776452450796,99.01955106634178
0,2020,Koboko,A675V,2020,2022,-3.003102768271418,-4.600662648077076,-1.435276138356178,4.728589714236041,0.9945275071794563,19.22779316777619
1,2021,Koboko,A675V,2020,2022,-2.744210786510351,-4.35618703631369,-1.135869449985287,6.041443708794631,1.266475084129991,24.307954191207504
2,2022,Koboko,A675V,2020,2022,-2.512896917496907,-4.108361203892546,-0.8937664991501213,7.495898931916362,1.616895389492187,29.033316621252375
3,2023,Koboko,A675V,2020,2022,-2.282793045269447,-3.901662154264043,-0.6818797353743606,9.255809507243908,1.9808008156051993,33.584189434731975
4,2024,Koboko,A675V,2020,2022,-2.049137083515241,-3.8449004922932555,-0.23916680671463383,11.413960323200262,2.0940640270797775,44.04916883245477
5,2025,Koboko,A675V,2020,2022,-1.807058752802987,-3.7314950567424847,0.15906155337098166,14.099397792584742,2.339648263957835,53.96817593143185
6,2026,Koboko,A675V,2020,2022,-1.574947040332132,-3.6599200222158914,0.528635681610551,17.151229519233112,2.5088918292948965,62.91648501898167
7,2027,Koboko,A675V,2020,2022,-1.321306159247567,-3.708358324414526,1.0272393246516052,21.060106469862607,2.3931006227883307,73.63803313894924
8,2028,Koboko,A675V,2020,2022,-1.1079813469529762,-3.62352883424889,1.592498339978905,24.82474193990366,2.5994579476101953,83.09673117156174
9,2029,Koboko,A675V,2020,2022,-0.8757080324196187,-3.6188253033922755,2.068595040055804,29.406796887005616,2.6113933400976346,88.78131022577587
10,2030,Koboko,A675V,2020,2022,-0.6292631219158547,-3.7164549453664577,2.4333691044213346,34.76776414448447,2.374261003186789,91.93367277160276
11,2031,Koboko,A675V,2020,2022,-0.4105941143810935,-3.658091159094171,3.0775861944700007,39.8769672227538,2.5133690179523396,95.59586710856986
12,2032,Koboko,A675V,2020,2022,-0.15724812209296954,-3.5912310097415885,3.6073679388763744,46.07687752971585,2.6824964075588036,97.35930954742584
13,2033,Koboko,A675V,2020,2022,0.09156681819069083,-3.830185260179897,3.9745414198484954,52.287572335617725,2.1244470227971504,98.15585609108174
0,2017,Kole,A675V,2017,2022,-3.625917589131034,-5.289797336717574,-1.9491689543177135,2.593416735485813,0.501748008395022,12.464400353565798
1,2018,Kole,A675V,2017,2022,-3.4125976927438395,-4.93919957211347,-1.8625666410727792,3.1904067004129377,0.7109421618453938,13.440416943537306
2,2019,Kole,A675V,2017,2022,-3.2200704303901464,-4.730241585738495,-1.694268692389598,3.8417383613550498,0.8747151121431422,15.52152900658903
3,2020,Kole,A675V,2017,2022,-2.9580026450975523,-4.519574455664997,-1.459802814191031,4.935964419310093,1.0776265462012131,18.84974861218287
4,2021,Kole,A675V,2017,2022,-2.734649597646481,-4.322678884709088,-1.2675921772757632,6.095946006567617,1.309066384456794,21.966971024573258
5,2022,Kole,A675V,2017,2022,-2.4930908715818134,-4.0376730151969165,-0.98860335023722,7.634395721494734,1.7332746041108145,27.118803037724167
6,2023,Kole,A675V,2017,2022,-2.280078169918243,-3.9048756036153818,-0.7196879676916474,9.278637279365622,1.9745713124405457,32.74616982742484
7,2024,Kole,A675V,2017,2022,-2.048238389325128,-3.737843192012024,-0.42527989120052284,11.42305032934012,2.325187155577192,39.525401141332104
8,2025,Kole,A675V,2017,2022,-1.8227819723847174,-3.5240224905670927,-0.2218765274260168,13.910039306575948,2.863639251974874,44.475731182988426
9,2026,Kole,A675V,2017,2022,-1.5877624591230288,-3.345403404444398,0.24342437027108255,16.969893617981516,3.4046008491203343,56.0557358142268
10,2027,Kole,A675V,2017,2022,-1.341549930398368,-3.2371736999128498,0.49364536834988637,20.725528862082125,3.7790527425374485,62.09648111921555
11,2028,Kole,A675V,2017,2022,-1.1205709535393054,-3.1301612939443433,0.838174736240101,24.59053928908002,4.188013446827057,69.80806551573127
12,2029,Kole,A675V,2017,2022,-0.8984217482247117,-3.056927599530366,1.2057225473052413,28.93749365485334,4.491932975259599,76.9541228161723
13,2030,Kole,A675V,2017,2022,-0.66861923226643,-2.84193810858707,1.5993300500003655,33.880608670443635,5.509954584979781,83.19247295527266
14,2031,Kole,A675V,2017,2022,-0.4448717231654954,-2.7394538689913572,1.921971246555534,39.05807493480096,6.068502660083561,87.23580920634384
15,2032,Kole,A675V,2017,2022,-0.21460539672530704,-2.722194195385043,2.2820653060551437,44.65536184190971,6.1676360743532825,90.73807631881981
16,2033,Kole,A675V,2017,2022,0.007517522256737422,-2.5827307738319147,2.650203730725231,50.18793717134262,7.0258141992705285,93.40235462318024
0,2016,Lamwo,A675V,2016,2022,-2.623474038836647,-4.163060648756734,-1.0534437635663498,6.764286593229921,1.5321461867541373,25.856435221608375
1,2017,Lamwo,A675V,2016,2022,-2.396671746355643,-3.925460666339697,-0.8234305394694759,8.342684481956049,1.9351186603041888,30.503593720113354
2,2018,Lamwo,A675V,2016,2022,-2.172313441998751,-3.719430545106673,-0.6189855924887178,10.22644490774667,2.3673736562460084,35.00121977193283
3,2019,Lamwo,A675V,2016,2022,-1.9621754610911202,-3.495105667389086,-0.5048650714451788,12.323180556658516,2.9451810585793154,37.63980419488079
4,2020,Lamwo,A675V,2016,2022,-1.7482326374097437,-3.24467758278995,-0.21401833193956502,14.82702527941177,3.7518612584702806,44.66987122041191
5,2021,Lamwo,A675V,2016,2022,-1.5092645013400139,-3.018774082275263,-0.017669329591147434,18.104781959426557,4.658489307738286,49.55827825248069
6,2022,Lamwo,A675V,2016,2022,-1.2972276039323678,-2.8744024642333543,0.2646972500884419,21.4631976417634,5.343354413986677,56.57906273243094
7,2023,Lamwo,A675V,2016,2022,-1.0899848401308732,-2.6600499891134994,0.4192674699379834,25.16211331058895,6.5372279087153515,60.33079485738953
8,2024,Lamwo,A675V,2016,2022,-0.8500056584494282,-2.4464599933690594,0.7164934516250089,29.943167053847304,7.969780873520179,67.18343843611227
9,2025,Lamwo,A675V,2016,2022,-0.664511188669277,-2.3452688719261894,0.9979414041343856,33.97269648473244,8.744256309898308,73.0653641649308
10,2026,Lamwo,A675V,2016,2022,-0.43437112484225243,-2.1867120172207364,1.2826576009889707,39.3083031804183,10.09501169248297,78.29018193206647
11,2027,Lamwo,A675V,2016,2022,-0.20483284781813513,-1.894001746769382,1.5183785406429613,44.89700831122584,13.078886576524487,82.02995883518062
12,2028,Lamwo,A675V,2016,2022,0.0057447742934522315,-1.792739414259724,1.8271739805068605,50.14361896235528,14.273719157815073,86.14247231871994
13,2029,Lamwo,A675V,2016,2022,0.25358869121393457,-1.6121267304203732,2.1040667595502573,56.30596021098278,16.62935543592819,89.12978183922753
14,2030,Lamwo,A675V,2016,2022,0.47005851391765763,-1.454817491241892,2.367548643609074,61.53976057572388,18.926125645673256,91.43190168536945
15,2031,Lamwo,A675V,2016,2022,0.6824657664162197,-1.3886689272945358,2.682109746107651,66.42888085392264,19.96203400487549,93.5962690826228
16,2032,Lamwo,A675V,2016,2022,0.8843680432941344,-1.3063278158896312,2.9618503533288956,70.77265685489655,21.310198217517303,95.08205901215186
17,2033,Lamwo,A675V,2016,2022,1.1257723233169878,-1.0973177330335933,3.298181754746974,75.50578527189234,25.024280772959088,96.43663815234679
0,2019,Rukiga,A675V,2019,2022,-3.471062032091678,-5.1882835083862835,-1.815539173054539,3.014691420936048,0.5550598226773075,13.996999823922124
1,2020,Rukiga,A675V,2019,2022,-3.1622105162358842,-4.7324889437984385,-1.5983387729239023,4.061283675087936,0.872768658962911,16.82139223390976
2,2021,Rukiga,A675V,2019,2022,-2.8480082135911338,-4.4096754809592875,-1.3534246395885157,5.478436655510818,1.201305533275609,20.53110490852903
3,2022,Rukiga,A675V,2019,2022,-2.5144169363108357,-4.068043527923295,-0.9323200714195548,7.485365907398591,1.6822977494310403,28.245425946053565
4,2023,Rukiga,A675V,2019,2022,-2.2340261689232257,-3.8585787684792217,-0.6116581663968805,9.673626929735175,2.0662036429132615,35.16810405999319
5,2024,Rukiga,A675V,2019,2022,-1.8866576116446554,-3.7083995940268917,-0.07768206231018605,13.16260363504852,2.3930042258292734,48.05892446290066
6,2025,Rukiga,A675V,2019,2022,-1.6036318828282772,-3.456704034258441,0.4639169472931141,16.74746210668554,3.0569558427063903,61.39429725743448
7,2026,Rukiga,A675V,2019,2022,-1.2643555451210207,-3.3594323809058797,1.0057096146274846,22.022502067842616,3.358764304397891,73.21796749419546
8,2027,Rukiga,A675V,2019,2022,-0.9754056781665484,-3.240328475081638,1.7008991992688398,27.38043481057131,3.767597934308823,84.56521390227391
9,2028,Rukiga,A675V,2019,2022,-0.6331488457697163,-3.0551360925925954,2.2342024496921575,34.67968898481265,4.499625092893507,90.32791327328201
10,2029,Rukiga,A675V,2019,2022,-0.33433633386362427,-3.0032966407899524,2.9238665365541823,41.71859019202931,4.727716396335282,94.90137131121305
11,2030,Rukiga,A675V,2019,2022,0.009512106975791208,-2.942697384837505,3.5152636554220407,50.237800881375286,5.008279059413123,97.11189601743973
12,2031,Rukiga,A675V,2019,2022,0.31095416523863123,-2.7353411307275852,4.194726388894802,57.71181449410234,6.091988637451902,98.51490101414718
13,2032,Rukiga,A675V,2019,2022,0.6144869801937922,-2.700456081141052,4.8490317212176315,64.89636622244124,6.294644911570343,99.22249636119325
14,2033,Rukiga,A675V,2019,2022,0.9530657771624446,-2.723098357109309,5.5188842795156825,72.17313124218755,6.162405547902049,99.60056985833018
0,2017,Tororo,A675V,2017,2022,-3.752443473822341,-5.478550047928359,-2.0969086503393592,2.292257925425801,0.4158018107776385,10.939764729754504
4,2021,Tororo,A675V,2017,2022,-2.593523107141747,-4.21219615818722,-0.9922925777746838,6.955642719880512,1.4597553909780492,27.04594885132448
5,2022,Tororo,A675V,2017,2022,-2.2771310396641606,-3.9006416507365533,-0.7419286673660042,9.303475146158297,1.9827831608871584,32.25825413622412
6,2023,Tororo,A675V,2017,2022,-1.9912803288590968,-3.5648281691273915,-0.3899900042130112,12.012147572769617,2.752289928027501,40.37197069877495
7,2024,Tororo,A675V,2017,2022,-1.6848047085955904,-3.3868263644878476,-0.034752909546120786,15.646029398196314,3.2709719703251254,49.131264695241484
8,2025,Tororo,A675V,2017,2022,-1.4114737359432004,-3.1879139744347924,0.29784026245414635,19.600171357490765,3.962308309011051,57.39144663247579
9,2026,Tororo,A675V,2017,2022,-1.1249246130474975,-2.999391633984379,0.7057500231008967,24.50989613699357,4.745336469045642,66.94613911062997
10,2027,Tororo,A675V,2017,2022,-0.8214116753639555,-2.7687670006478324,1.0884885832289986,30.546408258785164,5.903546969882159,74.80970051433624
11,2028,Tororo,A675V,2017,2022,-0.5771824314706365,-2.602120116146079,1.5879328811770859,35.95811735068606,6.900209785259721,83.03250751416722
12,2029,Tororo,A675V,2017,2022,-0.26156499986629483,-2.476235590989931,1.9875873383878129,43.49790355558064,7.754103653409951,87.94876556898893
13,2030,Tororo,A675V,2017,2022,0.03013510626268974,-2.2893259626179483,2.458811176563506,50.75332064834386,9.20108467998023,92.12034120866196
14,2031,Tororo,A675V,2017,2022,0.3234682861189333,-2.1072129993171274,2.76350820059785,58.016926672668895,10.839773003375136,94.06717241437032
15,2032,Tororo,A675V,2017,2022,0.6040429618355636,-2.013209398829395,3.3129519950320394,64.65807265440553,11.782298118428622,96.48704773889183
16,2033,Tororo,A675V,2017,2022,0.8828830208782332,-1.7648129147990235,3.8587866275582914,70.74192974181533,14.618858035491863,97.93421692045429
0,2020,Kanungu,P441L,2020,2022,-3.607299288164711,-5.213744197153894,-1.9443049218895558,2.6408669564084835,0.5411815234037077,12.517567743435285
1,2021,Kanungu,P441L,2020,2022,-2.551268898780276,-4.10591894728019,-1.0736043928610028,7.234128584888741,1.6207850079896013,25.4718232838657
2,2022,Kanungu,P441L,2020,2022,-1.544281204265987,-3.1212456870731584,-0.05615761925097659,17.591377528141397,4.223934859360799,48.59642836711059
3,2023,Kanungu,P441L,2020,2022,-0.5144062681968418,-2.1930840423219204,1.0986924255080814,37.416116280496404,10.037326582610273,75.00150253564655
4,2024,Kanungu,P441L,2020,2022,0.4911002011784322,-1.5501774465074947,2.357777348536121,62.03655773551056,17.50606408532559,91.35504305631648
5,2025,Kanungu,P441L,2020,2022,1.509403349604178,-0.70234707753156,3.6994618928032024,81.89727664576502,33.12920561049169,97.5860305652891
6,2026,Kanungu,P441L,2020,2022,2.5386392506639126,-0.15357371352015026,5.026646199654366,92.68065721750654,46.16818527928035,99.34819859870176
7,2027,Kanungu,P441L,2020,2022,3.5499609329063504,0.45831156374345683,6.3932470509959956,97.20763658020111,61.26135557774295,99.83299779834105
8,2028,Kanungu,P441L,2020,2022,4.5957041076510965,1.1779946903797105,7.8850891670659085,99.00057824938008,76.45870522100756,99.96238285029305
9,2029,Kanungu,P441L,2020,2022,5.595212346764009,1.7611186241633505,9.340406188850011,99.62981443987239,85.33497046256544,99.99122039448915
10,2030,Kanungu,P441L,2020,2022,6.662057002397865,2.4101947162990376,10.804550203950106,99.87231187524402,91.76014053868136,99.99796935199919
11,2031,Kanungu,P441L,2020,2022,7.655862941971468,2.944010833776577,12.21530693384631,99.9526962594543,94.99796591753186,99.99950459834585
12,2032,Kanungu,P441L,2020,2022,8.663873146660144,3.61967241599032,13.599414047089661,99.98273157621273,97.39076017168951,99.9998758779376
13,2033,Kanungu,P441L,2020,2022,9.705187749248791,4.056087751433679,14.935311721650713,99.99390373217976,98.29781277847322,99.99996736554291
0,2019,Kasese,P441L,2019,2022,-3.4432283403690804,-5.203959059518568,-1.8175735837571332,3.097144766085027,0.5464739718109455,13.972527846743972
1,2020,Kasese,P441L,2019,2022,-2.9868859804390224,-4.4743595557277915,-1.4438097695599628,4.802184939394329,1.126907971040706,19.095607711258832
2,2021,Kasese,P441L,2019,2022,-2.5274952029573763,-4.048575867785596,-0.9754676460688093,7.3953002058286526,1.7148019091805304,27.379202685791526
3,2022,Kasese,P441L,2019,2022,-2.05428344597427,-3.6083875497561633,-0.48022881063801004,11.362027790671142,2.638070341262241,38.21980963864074
4,2023,Kasese,P441L,2019,2022,-1.5780879843156805,-3.201056627838905,0.04889903314790025,17.106644053915232,3.9125979378033233,51.222232296859254
5,2024,Kasese,P441L,2019,2022,-1.1077961222338615,-2.840835527744254,0.63376951049779,24.828198776617278,5.51569783292526,65.33436952198625
6,2025,Kasese,P441L,2019,2022,-0.6404480072646459,-2.607079825806472,1.4429151943984782,34.51452737618452,6.868416237324992,80.89056801026182
7,2026,Kasese,P441L,2019,2022,-0.18499850208421717,-2.2890782476549454,1.9767441166114157,45.388183024724505,9.203154420112229,87.83336549097527
8,2027,Kasese,P441L,2019,2022,0.29998896540871395,-1.9952771670916114,2.702788390875417,57.443981931188716,11.969968165194423,93.71909801433195
9,2028,Kasese,P441L,2019,2022,0.748365303688614,-1.8677862300489667,3.519226782291025,67.8822402751958,13.379808202724119,97.12299064045136
10,2029,Kasese,P441L,2019,2022,1.237225504551246,-1.5650521124798091,4.086655320888232,77.5080703972676,17.292289661261552,98.34821085270015
11,2030,Kasese,P441L,2019,2022,1.6954525001677303,-1.5243802865227745,4.880967755524863,84.49398716090722,17.881740535268705,99.2467503596692
12,2031,Kasese,P441L,2019,2022,2.1560852050860704,-1.3871584666064323,5.555567772229316,89.6236048702731,19.986177896202108,99.61490145094129
13,2032,Kasese,P441L,2019,2022,2.6495015081787487,-1.1664474360401342,6.3547479517840015,93.39802595864782,23.749772709380842,99.82645437219848
14,2033,Kasese,P441L,2019,2022,3.1012884421201665,-0.9239857783620364,7.033551155971876,95.69458607575794,28.41464610465947,99.91189820540359
0,2020,Mubende,P441L,2020,2022,-4.13515900633808,-5.951167722492199,-2.339081428194368,1.5748148527991233,0.25960424181260183,8.793756058320591
1,2021,Mubende,P441L,2020,2022,-4.17688314975255,-5.862072548134935,-2.349820003532565,1.5114316799133738,0.2837267470433864,8.70800805811902
2,2022,Mubende,P441L,2020,2022,-4.183042808873209,-6.220712724004504,-2.0039661529905652,1.502289821988985,0.19838843188939087,11.878712991502487
3,2023,Mubende,P441L,2020,2022,-4.223525586568473,-6.865185390030862,-1.5662427064379034,1.4435479176434618,0.10424012479586744,17.27526834917712
4,2024,Mubende,P441L,2020,2022,-4.271730547721557,-7.5609019269132345,-0.9497278876517488,1.3765474833813525,0.0520134983087801,27.893954926100964
5,2025,Mubende,P441L,2020,2022,-4.250244075375532,-8.313266399719371,-0.16871659241397427,1.4060243134155204,0.024518154757333863,45.79206213779032
6,2026,Mubende,P441L,2020,2022,-4.299484639787801,-9.222450558117016,0.4425230094512629,1.3393726262271157,0.009878652496344327,60.88600489137534
7,2027,Mubende,P441L,2020,2022,-4.330789866409568,-10.041185256099375,1.2716762746315355,1.2986288435300364,0.004356620498220303,78.10295634433241
8,2028,Mubende,P441L,2020,2022,-4.35374742443307,-10.942006316459372,1.8437023654305036,1.2695292910729292,0.0017698617739744184,86.3385991543975
9,2029,Mubende,P441L,2020,2022,-4.358099139288051,-11.79417213949753,2.830646399372548,1.2640863493399785,7.548364143685357e-4,94.43096053161317
10,2030,Mubende,P441L,2020,2022,-4.400591017586258,-12.622257887822746,3.4459659070655304,1.2121355845372102,3.2977795301962476e-4,96.91106073754825
11,2031,Mubende,P441L,2020,2022,-4.4503262660276475,-13.586360677591994,4.072781271350401,1.1540030220523545,1.257528922645e-4,98.32552054954853
12,2032,Mubende,P441L,2020,2022,-4.474433455900617,-14.408579313833714,5.138138168713809,1.126825633794963,5.52628491682372e-5,99.41656336943306
13,2033,Mubende,P441L,2020,2022,-4.489550865219883,-15.430662745186678,5.615456206955435,1.11010674419044,1.988603645798023e-5,99.63720616591344
