label,adj_year,year,District,country,Locus,min_year,freq,n,predict_freq,error,weighted_mean_error,median_error,weighted_mean_error_overall,median_error_overall
CambodiaPreah Vihear2011C580Y,0,2011,Preah Vihear,Cambodia,C580Y,2011,0.199824189609479,79,0.18586891691216437,0.013955272697314641,0.0934945605970733,0.0036808320263028785,0.12885199274231213,0.012489972690348163
CambodiaPreah Vihear2011K13,0,2011,Preah Vihear,Cambodia,K13,2011,0.251119764767724,79,0.23386570928362982,0.0172540554840942,0.1497598041291156,0.015167668574903287,0.12885199274231213,0.012489972690348163
CambodiaPreah Vihear2012C580Y,1,2012,Preah Vihear,Cambodia,C580Y,2011,0.311755952380952,78,0.3279611354041815,-0.016205183023229486,0.0934945605970733,0.0036808320263028785,0.12885199274231213,0.012489972690348163
CambodiaPreah Vihear2012K13,1,2012,Preah Vihear,Cambodia,K13,2011,0.317460317460317,78,0.3424104350196115,-0.024950117559294493,0.1497598041291156,0.015167668574903287,0.12885199274231213,0.012489972690348163
CambodiaPreah Vihear2013C580Y,2,2013,Preah Vihear,Cambodia,C580Y,2011,0.481481481481481,28,0.5133773772699123,-0.03189589578843127,0.0934945605970733,0.0036808320263028785,0.12885199274231213,0.012489972690348163
CambodiaPreah Vihear2013K13,2,2013,Preah Vihear,Cambodia,K13,2011,0.444444444444444,28,0.46918732408012237,-0.024742879635678394,0.1497598041291156,0.015167668574903287,0.12885199274231213,0.012489972690348163
CambodiaPreah Vihear2014C580Y,3,2014,Preah Vihear,Cambodia,C580Y,2011,0.909090909090909,12,0.7036508666070941,0.20544004248381487,0.0934945605970733,0.0036808320263028785,0.12885199274231213,0.012489972690348163
CambodiaPreah Vihear2014K13,3,2014,Preah Vihear,Cambodia,K13,2011,0.909090909090909,12,0.6006937226809342,0.3083971864099747,0.1497598041291156,0.015167668574903287,0.12885199274231213,0.012489972690348163
CambodiaPreah Vihear2015C580Y,4,2015,Preah Vihear,Cambodia,C580Y,2011,1,4,0.8372134181025906,0.16278658189740935,0.0934945605970733,0.0036808320263028785,0.12885199274231213,0.012489972690348163
CambodiaPreah Vihear2015K13,4,2015,Preah Vihear,Cambodia,K13,2011,0.666666666666667,4,0.7177101911472198,-0.05104352448055283,0.1497598041291156,0.015167668574903287,0.12885199274231213,0.012489972690348163
CambodiaPreah Vihear2016C580Y,5,2016,Preah Vihear,Cambodia,C580Y,2011,0.993873462580375,5,0.9176857866662437,0.07618767591413134,0.0934945605970733,0.0036808320263028785,0.12885199274231213,0.012489972690348163
CambodiaPreah Vihear2016K13,5,2016,Preah Vihear,Cambodia,K13,2011,0.993873462580375,5,0.8131620135899306,0.18071144899044445,0.1497598041291156,0.015167668574903287,0.12885199274231213,0.012489972690348163
CambodiaRatanakiri2010C580Y,0,2010,Ratanakiri,Cambodia,C580Y,2010,0.0122388059701493,51,0.02184589529989062,-0.00960708932974132,0.0934945605970733,0.0036808320263028785,0.12885199274231213,0.012489972690348163
CambodiaRatanakiri2010K13,0,2010,Ratanakiri,Cambodia,K13,2010,0.0122388059701493,51,0.02372766750734113,-0.011488861537191829,0.1497598041291156,0.015167668574903287,0.12885199274231213,0.012489972690348163
CambodiaRatanakiri2011C580Y,1,2011,Ratanakiri,Cambodia,C580Y,2010,0.0361833288662557,93,0.033548193515280454,0.0026351353509752456,0.0934945605970733,0.0036808320263028785,0.12885199274231213,0.012489972690348163
CambodiaRatanakiri2011K13,1,2011,Ratanakiri,Cambodia,K13,2010,0.0361833288662557,93,0.03472106424351327,0.0014622646227424319,0.1497598041291156,0.015167668574903287,0.12885199274231213,0.012489972690348163
CambodiaRatanakiri2012C580Y,2,2012,Ratanakiri,Cambodia,C580Y,2010,0.05,44,0.05128076051002431,-0.0012807605100243064,0.0934945605970733,0.0036808320263028785,0.12885199274231213,0.012489972690348163
CambodiaRatanakiri2012K13,2,2012,Ratanakiri,Cambodia,K13,2010,0.05,44,0.049354208091077226,6.45791908922777e-4,0.1497598041291156,0.015167668574903287,0.12885199274231213,0.012489972690348163
CambodiaRatanakiri2013C580Y,3,2013,Ratanakiri,Cambodia,C580Y,2010,0.0555555555555556,20,0.07710470474871037,-0.021549149193154767,0.0934945605970733,0.0036808320263028785,0.12885199274231213,0.012489972690348163
CambodiaRatanakiri2013K13,3,2013,Ratanakiri,Cambodia,K13,2010,0.0555555555555556,20,0.07270809391710548,-0.017152538361549875,0.1497598041291156,0.015167668574903287,0.12885199274231213,0.012489972690348163
CambodiaRatanakiri2014C580Y,4,2014,Ratanakiri,Cambodia,C580Y,2010,0.118675442204854,29,0.11394891350322349,0.004726528701630511,0.0934945605970733,0.0036808320263028785,0.12885199274231213,0.012489972690348163
CambodiaRatanakiri2014K13,4,2014,Ratanakiri,Cambodia,K13,2010,0.114280055456526,29,0.10238139174154205,0.01189866371498395,0.1497598041291156,0.015167668574903287,0.12885199274231213,0.012489972690348163
CambodiaRatanakiri2016C580Y,6,2016,Ratanakiri,Cambodia,C580Y,2010,0.714510584667345,89,0.24149668051747653,0.47301390414986844,0.0934945605970733,0.0036808320263028785,0.12885199274231213,0.012489972690348163
CambodiaRatanakiri2016K13,6,2016,Ratanakiri,Cambodia,K13,2010,0.717830229031678,89,0.19656314056163585,0.5212670884700422,0.1497598041291156,0.015167668574903287,0.12885199274231213,0.012489972690348163
CambodiaRatanakiri2017C580Y,7,2017,Ratanakiri,Cambodia,C580Y,2010,0.851815393358498,80,0.3239701429161419,0.5278452504423561,0.0934945605970733,0.0036808320263028785,0.12885199274231213,0.012489972690348163
CambodiaRatanakiri2017K13,7,2017,Ratanakiri,Cambodia,K13,2010,0.857426345993025,80,0.2708577396458215,0.5865686063472035,0.1497598041291156,0.015167668574903287,0.12885199274231213,0.012489972690348163
CambodiaRatanakiri2018C580Y,8,2018,Ratanakiri,Cambodia,C580Y,2010,0.479962039601929,5,0.42952949191903567,0.05043254768289335,0.0934945605970733,0.0036808320263028785,0.12885199274231213,0.012489972690348163
CambodiaRatanakiri2018K13,8,2018,Ratanakiri,Cambodia,K13,2010,0.479962039601929,5,0.3533439375958862,0.1266181020060428,0.1497598041291156,0.015167668574903287,0.12885199274231213,0.012489972690348163
MyanmarMandalay2013K13,0,2013,Mandalay,Myanmar,K13,2013,0.286679621117204,56,0.25199441595034483,0.03468520516685919,0.1497598041291156,0.015167668574903287,0.12885199274231213,0.012489972690348163
MyanmarMandalay2014K13,1,2014,Mandalay,Myanmar,K13,2013,0.277777777777778,18,0.253622806344423,0.024154971433354988,0.1497598041291156,0.015167668574903287,0.12885199274231213,0.012489972690348163
MyanmarMandalay2015K13,2,2015,Mandalay,Myanmar,K13,2013,0.123595900368288,16,0.24981668416385433,-0.12622078379556634,0.1497598041291156,0.015167668574903287,0.12885199274231213,0.012489972690348163
MyanmarMandalay2016K13,3,2016,Mandalay,Myanmar,K13,2013,0.0733510030814317,21,0.25417672190286805,-0.18082571882143633,0.1497598041291156,0.015167668574903287,0.12885199274231213,0.012489972690348163
MyanmarMandalay2017K13,4,2017,Mandalay,Myanmar,K13,2013,0.655772882588557,6,0.24865513798365135,0.4071177446049057,0.1497598041291156,0.015167668574903287,0.12885199274231213,0.012489972690348163
ThailandTak2003K13,0,2003,Tak,Thailand,K13,2003,0.0178422246091419,85,0.02073034028368773,-0.002888115674545829,0.1497598041291156,0.015167668574903287,0.12885199274231213,0.012489972690348163
ThailandTak2005K13,2,2005,Tak,Thailand,K13,2003,0.0204081632653061,50,0.023626910802085423,-0.0032187475367793233,0.1497598041291156,0.015167668574903287,0.12885199274231213,0.012489972690348163
ThailandTak2007K13,4,2007,Tak,Thailand,K13,2003,0.0241379310344828,29,0.027019859686040995,-0.002881928651558195,0.1497598041291156,0.015167668574903287,0.12885199274231213,0.012489972690348163
ThailandTak2008K13,5,2008,Tak,Thailand,K13,2003,0.0424570057117922,308,0.029375724046079826,0.013081281665712374,0.1497598041291156,0.015167668574903287,0.12885199274231213,0.012489972690348163
ThailandTak2009K13,6,2009,Tak,Thailand,K13,2003,0,16,0.03216876023784099,-0.03216876023784099,0.1497598041291156,0.015167668574903287,0.12885199274231213,0.012489972690348163
ThailandTak2010K13,7,2010,Tak,Thailand,K13,2003,0.0357142857142857,16,0.033056115452643114,0.002658170261642584,0.1497598041291156,0.015167668574903287,0.12885199274231213,0.012489972690348163
ThailandTak2011C580Y,0,2011,Tak,Thailand,C580Y,2011,0.14389582051973,54,0.20927447712859468,-0.06537865660886469,0.0934945605970733,0.0036808320263028785,0.12885199274231213,0.012489972690348163
ThailandTak2011K13,8,2011,Tak,Thailand,K13,2003,0.296188519093876,54,0.036277378800392016,0.259911140293484,0.1497598041291156,0.015167668574903287,0.12885199274231213,0.012489972690348163
ThailandTak2012C580Y,1,2012,Tak,Thailand,C580Y,2011,0.324067440072078,95,0.33687704511783734,-0.012809605045759342,0.0934945605970733,0.0036808320263028785,0.12885199274231213,0.012489972690348163
ThailandTak2012K13,9,2012,Tak,Thailand,K13,2003,0.437498960881911,95,0.0386323263529709,0.3988666345289401,0.1497598041291156,0.015167668574903287,0.12885199274231213,0.012489972690348163
ThailandTak2013C580Y,2,2013,Tak,Thailand,C580Y,2011,0.571711873612098,115,0.4984667550475807,0.07324511856451726,0.0934945605970733,0.0036808320263028785,0.12885199274231213,0.012489972690348163
ThailandTak2013K13,10,2013,Tak,Thailand,K13,2003,0.631194184070806,115,0.04086855247123809,0.5903256315995679,0.1497598041291156,0.015167668574903287,0.12885199274231213,0.012489972690348163
ThailandTak2014C580Y,3,2014,Tak,Thailand,C580Y,2011,0.714285714285714,7,0.6594836843083427,0.05480202997737127,0.0934945605970733,0.0036808320263028785,0.12885199274231213,0.012489972690348163
ThailandTak2014K13,11,2014,Tak,Thailand,K13,2003,0.714285714285714,7,0.04379093830925684,0.6704947759764571,0.1497598041291156,0.015167668574903287,0.12885199274231213,0.012489972690348163
ThailandTak2015C580Y,4,2015,Tak,Thailand,C580Y,2011,0.333333333333333,10,0.7913330449832227,-0.4579997116498897,0.0934945605970733,0.0036808320263028785,0.12885199274231213,0.012489972690348163
ThailandTak2015K13,12,2015,Tak,Thailand,K13,2003,0.333333333333333,10,0.047719061956576075,0.2856142713767569,0.1497598041291156,0.015167668574903287,0.12885199274231213,0.012489972690348163
ThailandTak2016C580Y,5,2016,Tak,Thailand,C580Y,2011,0,2,0.8799714089222956,-0.8799714089222956,0.0934945605970733,0.0036808320263028785,0.12885199274231213,0.012489972690348163
ThailandTak2016K13,13,2016,Tak,Thailand,K13,2003,0.5,2,0.05094416028994833,0.4490558397100517,0.1497598041291156,0.015167668574903287,0.12885199274231213,0.012489972690348163
ThailandTak2017K13,14,2017,Tak,Thailand,K13,2003,1,1,0.05427626612488132,0.9457237338751187,0.1497598041291156,0.015167668574903287,0.12885199274231213,0.012489972690348163
